content,label
"还记得小时候，常常守在电视机前，等候《西游记》的播出。“你挑着担,我牵着马。翻山涉水两肩双滑……""熟悉的歌曲，又在耳边响起时。 这歌词中的水，就有贵州的水，准确的说，是贵州的黄果树瀑布；那一帘瀑布，流进了我们的童年，让我们流连忘返。 黄果树瀑布并不是只有一个瀑布，而是一个大景区，包括陡坡塘瀑布、天星桥景区、黄果树大瀑布，其中黄果树大瀑布是最有名的。
收起评论",好评
飞流直下三千尺 疑是银河落九天！,好评
"黄果树大瀑布景区，位置坐落在贵州省安顺市关岭县黄果树风景区。这里是贵州省最著名的景区。也是中国最美的瀑布，享有有中华第一瀑布的美名，更是世界吉尼斯纪录里认证的世界最大的瀑布群，说到瀑布群，它蕴含着大小瀑布十八个。
收起评论",好评
"国家重点风景名胜区和首批国家5A级旅游景区 今天黄果树景区时而艳阳高照，时而瓢泼大雨；当地人说两个多月没有这么晴朗的天空更是没有下雨；我们如此这般幸运一会晒脸?? 一会挨浇? ?? 人品爆棚，但景区内风景秀丽、环境优美，值得值得
收起评论",好评
"黄果树瀑布群绝对是值得一看的。景区非常大，不止黄果树瀑布，天星桥景区绝对不要错过。那个天生桥下方的珍珠链瀑布，很值得一看。这个瀑布比黄果树的观景距离近多了，基本上可以触摸得到的水花水汽，白链如珠，水流很急，特别壮观。当然，它实际上也很危险。就在我们游玩过后的一个星期，就有母子二人在这个瀑布身亡。实际上黄果树的所有瀑布都是只给在栏杆外远观的，无视栏杆走近水边，这么急的水流，危险可想而知。
收起评论",好评
"到了贵州，必须要到的就是黄果树瀑布！以黄果树瀑布为中心，周边分布着十几条瀑布，黄果树瀑布是黄果树瀑布群中最大的一级瀑布，因该区域生长着很多“黄果树”得名。瀑布周围峰峦叠嶂，植被茂密，峡谷、溶洞、石林石柱比比皆是，属典型的喀斯特地貌。
收起评论",好评
状观的黄果树瀑布 晴天隐隐响春雷， 绝顶奔来云深处。,好评
"带父母带贵州玩，那一定要来贵州最有名的黄果树瀑布看看。父母年纪大了，所以选择的跟团游比较安全。 提前做好的攻略黄果树为核心景点，是西游记的取景地，很多人慕名而来，大瀑布很是壮观，由远及近，然后可以进水帘洞内再出来，可惜去的那天下雨太大水帘洞景区关闭了，没有能进去太可惜了，如果下次有机会来玩的时候一定要进去看看。
收起评论",好评
"去年的时候来玩的，当时一直想着来到新看到的景色如何。没想到来到这之后，感觉跟之前书上描述的一模一样。真是大自然的魅力四射！也是人间仙境啊！也不知不觉想到了西游记里面的情景？真是美丽，感觉此瀑布真是无可替代啊！
收起评论",好评
"进门以后乘坐景区大巴前往第一站陡坡塘瀑布，据说这里是拍摄西游记的地方，陡坡塘瀑布是三个瀑布里面最小的，也不太壮观，个人感觉四十分钟就可以打个来回。陡坡塘瀑布没什么特别好看的，走马观花看看即可，精彩的在后面 然后出门以后就在门口乘坐景区大巴前往第二站天星桥瀑布，天星桥瀑布距离陡坡塘15分钟车程，天星桥瀑布前半段人很多，高老庄以后人就少了，因为一般旅行团知道高老庄，可是真正漂亮的在后面，比如天星洞，银链坠潭瀑布都很非常漂亮的。
收起评论",好评
"暑假去的，大瀑布景区真的是人山人海 听说是西游记的取景地，还是蛮期待的 看到瀑布倾泻的场景还是蛮震撼的 同行的朋友说一定要去钻水帘洞 于是排队排了超级久，大概两个小时 终于体验了一把横穿瀑布的感觉 除了凉快就是刺激！ 虽然穿雨衣还是会打湿 也算一次难忘的体验啦
收起评论",好评
"来黄果树本来我们是自由行，没想到下车被一个包车的导游接错人，结果就加入了他们的包车小团，很方便很舒适，导游说我们去看要在午后去，因为黄果树瀑布不是雨季，水要从上游水库闸放水，在中午左右，所以看到的水比较大，当我们看到时真的验证了她黄果树瀑布也是世界著名大瀑布之一，以水势浩大著称，瀑布高度为77.8米，水流湍急，而且在几处汇合点看到水就像刹不住闸的洪流，宏伟壮观，气势汹汹霸气超猛，拍摄一定看脚下，小心湿滑，相机手机都防水雾，不多时避开拥挤，尤其危险路段， 推荐指数:????? tips：免费拍照很多，实际是付费的，选择自己喜欢的，出行是有当地人指点方便许多 武汉加油，！中国加油！
收起评论",好评
"黄果树瀑布绝对可以说是贵州旅游的标志，像我们这样的外地人去贵州旅游一般首先会想到去这里。 虽然网上看过太多关于黄果树瀑布的图片，但是到了实地感受真真儿的不一样噢。八月丰水期的黄果树大瀑布，气势磅礴，走入瀑布里面的水帘洞那种感觉更是强烈。 虽然是暑假旺季，游客众多，但是整个景区标识指示清晰明了，组织分流得当，作为游客体验感棒棒哒。 最让我印象深刻的是银链坠潭瀑布（视频就是这个瀑布），真的好像千万条银链坠入池潭，舍不得离开，这样的瀑布真的好别致，大自然的神奇礼物。
收起评论",好评
贵州黄果树瀑布景区。瀑布之宽，之高之大。像白色的幕布。落下之后，像湛蓝的海水，水帘洞之美。甚是罕见。贵州一游不虚此行。,好评
"天星桥景区位于黄果树大瀑布下游，这里主要观赏石、水、树的美妙结合，是水上石林变化而成的天然盆景区。自然盆景区内最令人留恋的当属《数生步》啦，脚下的每块石头都有日期，每个人都边行边看着石头上的日期，找到自己出生日期的那块石头，就是自己的生步，站在上面许愿拍照留念沿着天星桥一直走到天星湖（猪八戒娶媳妇的地方）
收起评论",好评
"多民族聚居地，山美、水美、人更美—贵州 贵州位于云贵高原上，地理位置独特，风景名胜数不胜数，最让人难忘的就是黄果树瀑布。 ??地址：贵州省安顺市镇宁布依族苗族自治县 ??交通：贵阳金阳汽车总站到黄果树大瀑布停车场。2个半小时车程 ??推荐理由： 黄果树瀑布景区有陡坡塘瀑布、天星桥景区、黄果树大瀑布三个景区。陡坡塘瀑布是《西游记》主题曲唐僧师徒四人牵马过河的场景。 黄果树瀑布是由大小不一，形态各异的18个瀑布组成你。夏季的瀑布水流量比较大，瀑布看起来十分壮观。 [图钉]实用tips： 每个景点都要刷门票，请保留好。 游览车票50元/人，景点间距离很远，徒步会比较累。
收起评论",好评
"来贵州玩自然要来黄果树瀑布，这个景区真的太大了，总共有三个点，中间大巴过度，太大了，回想起来都觉得好辛苦，不过瀑布真的蛮壮观的，各种形态的都有，水量还挺大，尤其水帘洞，那水哗哗的，早起出门从贵阳出发到回返，一整天，感觉走的还不算慢，所以，这个景区的票价绝对值了
收起评论",好评
"新冠肺炎疫情在家，2月份都没出过小区，只能找找存货点评一下了…… 从小就耳闻黄果树瀑布，这次来贵州旅游，无论如何都要过来打卡一下～ 黄果树大瀑布景区主要分三个景区，中间有巴士循环穿梭，如果体力足够好，也可以步行，一张票好像可以使用两天，所以不用着急～ 我们去的时候已经过了雨季，所以水量相对比较小了，不过还是挺壮观的～
收起评论",好评
"黄果树瀑布，即黄果树大瀑布。 古称白水河瀑布，亦名“黄葛墅”瀑布或“黄桷树”瀑布，因本地广泛分布着“黄葛榕”而得名。 位于中国贵州省安顺市镇宁布依族苗族自治县，是世界著名大瀑布之一，以水势浩大著称。 瀑布高度为77.8米，其中主瀑高67米；瀑布宽101米，其中主瀑顶宽83.3米。 最令人称奇的是，黄果树瀑布独有的其它大小瀑布不可比拟的“水帘洞”奇观。游人置身于洞中，震耳欲聋的轰鸣声中，观看那惊心动魄“飞流直下三千尺”宏大场景，那种感觉太叫人震撼了。
收起评论",好评
"去年去的，不仅仅会收门票，车票也是要钱的，因为进去还有坐十来分钟大巴，风景很美，逛两天是最合适的，我们行程比较赶就只一天时间，所以没有逛完，还挺可惜的。重点，我们去的时候是休息日，人超多，真的超级多，站在原地半天。其他地方还好。还有进景区的时候，好像没有看到工作人员维持秩序，所以排队进的时候会有一些人插队。现在不知道还是不是了
收起评论",好评
"去年夏天到贵州办事，顺便到向往已久的黄果树风景区。景区分为陡坡塘，天星桥，黄果树三部分。景区内有可以座巴士在几个景点之间往返。由于不是雨季，瀑布不是很大，但到了黄果树瀑布近前时心里仍然充满了震撼。瀑布近前较为湿滑，建议还是要穿好运动鞋，并带上雨伞或雨披，景区门前的雨披很贵，只用一次不值得。
收起评论",好评
"黄果树瀑布位于贵州省安顺市镇宁布依族苗族自治县，古称白水河瀑布，黄果树瀑布素以雄伟壮观而名扬四海。他最神奇的地方是隐藏在半山腰上的水帘洞，据说轰动一时，让人难以忘怀大型电视连续剧《西游记》就是在这里拍摄的，他是中国的第一大瀑布。
收起评论",好评
"黄果树瀑布出名始于明代旅行家徐霞客，经过历代名人的游历、传播，成为知名景点。黄果树大瀑布位于贵州省安顺市的镇宁布依族苗族自治县境内的白水河上游，安顺市西南45千米处，镇宁布依族苗族自治县境内，东北距贵州省会贵阳市150千米。去年夏天的时候去的，正逢暑假，都是人挤人。
收起评论",好评
"黄果树瀑布是亚洲第一大瀑布，整个风景区在世界上也挺有名气，如果在贵阳附近的话，可以考虑一天往返。景区主要有陡坡塘、天星桥、黄果树三大区。 ? →首先来到陡坡塘瀑布，在黄果树瀑布上游，是该片瀑布群中瀑顶最宽的瀑布。老版的《西游记》在这附近取过景。 ? →进入天星桥景区，一路上的看点也不少。从石桥上纵览纵谷深处。国庆时的人还是挺多的。水潭中有大股大股的水流涌出。银链坠潭瀑布是天星景区最大的看点了，成漏斗形，河水在每个侧面上都均匀铺开。水流相互抨击，很是壮观，周围水雾四起，满耳也全是轰鸣声。 ? →最后，肯定要把更多的时间留给黄果树瀑布本尊。记得是要到达一个景区大厅，可以选择自费乘坐很长的电梯直接来到景区中部，也可以选择步行绕行到景区中部。我当时为了省时间，直接坐了电梯。 进入景区中部，前行一段，就可以看到大瀑布本尊了。气势恢宏，亲眼所见果然壮观！节假日人很多，全是排队参观大瀑布、并继续前往水帘洞的。正面观看要特别注意迎面而来的水雾，跟下雨几乎无异！拍照时身边已然全是水雾…… 所以，一定要提前备好雨衣哈。 ? 进入水帘洞前，能拍到不错的侧照。不禁想起那句”疑是银河落九天”，我觉得放这里形容黄果树也不足为过。黄果树是可以全方位、无死角地观赏的，从这里马上就要进入到水帘洞了，从后面观看。不过洞里水汽很大，相机、手机能不能抗住就是一个问题了，而且空间狭小，人流很大，光线也不足。从水帘洞挤出来，阳光也洒射而下，感觉豁然开朗。 ? 这才发现对面长长的人龙！很难想象自己也是从那样的队伍中一步一步挪出来的…… ? 最后跟这大瀑布告别，才发现犀牛潭中的彩虹也都出来了，很漂亮。把雄伟壮观的黄果树作为本次贵州出行的终点，已然心满意足。
收起评论",好评
"小时候学地理的时候，喜欢看有关旅游方面的介绍和图片，尤其对黄果树瀑布印象特别深刻，书上说它是中国最大的瀑布，那时候，我还没真见过瀑布长什么样，内心便一直充满了期待，长大后，去旅行看过很多瀑布，甚至见到了世界上最大的尼亚加拉大瀑布，但一直没有黄果树，后来去贵州旅行，终于见到了儿时期待的黄果树，从书本真真地来到我的面前。 ??关于黄果树?? 黄果树瀑布位于贵州省安顺市，属喀斯特地貌中的侵蚀裂典型瀑布，它是中国第一、世界第三大瀑布。黄果树景区非常之大，包括三个主要景点: 黄果树瀑、陡坡塘、天星桥，各有特色。 ????亮点推荐???? 1. 最著名的黄果树大瀑布，还没走进，远远便听到它轰轰的声音，走在木栈道上，有多处观景去可以照相，沿路一直走到瀑布面前，水雾很大，几乎把脸和衣服都打湿了，我是夏天去的没在意，也可以穿个雨衣走到跟前。比较有意思的是，人们可以从上下前后面侧面六个方位来观赏，无比壮观； 2. 陡坡塘瀑布是西游记片尾曲师徒四人走过的那个瀑布，在这个景区中，有很多西游记人物造型，甚至还有晒经书的石头，这里小孩子特别喜欢，当然一定不要错过在瀑布面前拍张照，纪念一下西游记。 3. 很多人来到黄果树只去前面两个景点，没有来到天星桥，其实，这个景点非常值得去，它占地面积很大，包括多个小瀑布和喀斯特溶洞，尤其是下半程是真个景点的精华部分，当然这里因喀斯特地貌，台阶较多，如果老人腿脚不好，建议避开。 ????实用信息???? ??地址：贵州省安顺市镇宁县布依族苗族自治县境内白水河上游，安顺市西南45公里处。 ??门票： 1、黄果树景区门票：（包含景点：黄果树大瀑布、天星桥、陡坡塘） 夏季（3月1日至11月30日）：180元/人?次；冬季（12月1日至次年2月底）：160元/人?次； 2、景区观光车票：50元/人（2012年5月8日起实行）； 3、黄果树奇石馆：70元/人次； 4、黄果树大扶梯：50元/人（往返双程），30元/人（单程）； 5、天星桥索道票：10元/人次； ??小TIPS 1. 景区人非常多，尽量早到，错峰出行； 2. 景区有的路程台阶较多，穿着舒适的衣服和鞋子； 3. 不想爬台阶可以乘坐黄果树大扶梯，其实并不远，自己走过去就可以； 4. 如果不选择这个当地游，自由行真的很难在一天内逛完全部景点，只能在附近住一晚，两次进景区。
收起评论",好评
"黄果树大瀑布，举世闻名。来的时候水量还算可以，老远就能听见瀑布的水声。 没有选择坐大扶梯，而且全程选择了步行。 看到70多米高的悬崖峭壁上水流飞泄而下，很是壮观。还看到彩虹。 这里也是86版《西游记》的取景地。
收起评论",好评
"19年8月去的，第一次去贵州，好感度倍增。 从贵阳去还是很方便，高铁下车出站右拐就是客运站，有自己到黄果树的，客满就走，一路高速，不超载，小孩占座的话买票。建议提前联系好住的地儿，这样店家会来车站接。也建议留两天的时间，一天不够，我们头天下午走最远走路最多的地儿，第二天早上赶着开门时间去水帘洞，人很少，等我们出来的时候就排大队了，水帘洞有卖雨衣的，我们是因为还去大小七孔所以都自带。门票提前实名，两天可以用，第一次进去的时候刷脸，后面直接刷脸进，第一次进的时候如果排队耐心等待，小心别别人忽悠。景区东西还是便宜，我们十块钱五根玉米，还好吃。
收起评论",好评
"黄果树瀑布，天星桥景区，陡坡塘瀑布是黄果树瀑布一日游的三个景点。 跟团还是不太方便，但是自己去的有车才行，不然也不方便，贵州到各个景点都比较远，车也不方便。 黄果树瀑布真是气势磅礴，远远闻其身，高度100多米，看过这个瀑布后其他的都不用看了。
收起评论",好评
"以前在贵阳练习拳击，抽空报了个团！去了趟黄果树瀑布！黄果树瀑布给人感觉很壮阔！水量很大！瀑布河水的流量，听导游说！最大时达到1000多个流量。咱也不知道这个1000多的单位是个什么单位！水大时，瀑布溅珠飞洒到100多米高的黄果树街上，铺展在整个岩壁上，挺壮阔！
收起评论",好评
"因为没有提前订车票，从贵阳市区去黄果树瀑布真的太坎坷了，先是临时买火车票，等了好几个小时，不过算是体验了绿皮火车，下了火车又包车去了瀑布景区，没打算全部逛完就没买观光车票，因为从主瀑布去下一个地方还是需要乘车的，交通很不方便，想去的话还是推荐自驾。一路下山去主瀑布，虽然路上累了点，不过看到瀑布的时候真的很值，恰逢天气好，还看到了??山里整个空气都非常好，远远能听到瀑布的声音，课本里的场景出现在眼前有点壮观！看完瀑布还去了后面的水帘洞，等于深入瀑布内，又是另一种感觉，值得一去。回去路上去了条小吃街，烧烤什么的很多，还有特色酸汤鱼，随便问了一家他们本地人会去吃的店，味道真的赞！
收起评论",好评
"黄果树瀑布去的时候算是淡季 水流虽然不是夏季那般湍急 看着还是挺震撼的 小时候西游记片尾曲敢问路在何方也是在这里 陡坡塘瀑布 穿着雨衣去了水帘洞 夏季来的话还是要提前安排好时间 据说要排队一个多小时 我们还算幸运的 人也不是很多 观景效果好是不错的
收起评论",好评
"景区果然就是要在淡季去才有意思。 看图一图二的水量！家里人说这个水好小啊。。。可是我已经觉得瀑布很大了，可能旺季去的水真的很大吧。 一路上边走边看风景，每个景点之间有大巴车连接，一个景点大概有两三个小时。如果想好好玩就需要腾出一天的时间，但是还是有一点点累的。
收起评论",好评
"黄果树的瀑布果然是最壮观的呀 还好不是旺季 所以人不算多进去看瀑布的道路不用排队 水帘洞的感觉真的很不错 很值得走一走 去的这天刚好阴天带有点小雨 好像山水墨画 一路走下来大概也需要一个多小时 好在人不多
收起评论",好评
"说是贵州最有名的景点大概没有人会反驳叭 美到令我这种文盲不知道用什么语句来表达，大自然真的是美丽又神奇又强大 我们是暑假之后去的，游客略微少了一点，太美的景真的没有淡旺季的区别吧 有太阳的天气去可以看到超级美丽的彩虹桥
收起评论",好评
"我们是跟团去的，价格还是还可以的，只是跟团比较方便，要是自己开车去的话路线你们得自己看一下，没有开车去过风景还是很不错的，但是我们去那会水比较小，建议你们要去的话选择雨季的去，这么看到瀑布的水比较壮观
收起评论",好评
"下午才到黄果树 又是雨天 瀑布周围的水汽更大 站在瀑布的观景台 瀑布的壮观 不是图片能展示出来的 真的很推荐伙伴能过来看一看 我大好河山的美景真的太多啦 打算把国内都走遍 在去国外溜 跟团的价格真合适 但是挺赶的 每个景点给的时间都不多 大部分时间都安排在购物店啦
收起评论",好评
"想念那年夏天的黄果树 想念那年夏天的贵州 想念那年夏天欢声笑语的你们 黄果树瀑布真正面对它是无法感受它的魅力 只有在相隔几百米茫茫的水雾浸透皮肤的时候才能感受到那种震撼 从贵阳跟团前往的 景区真的很大 路也比较复杂 导游会指路也会帮你控制时间 往返贵阳的路途比较远 但是大巴车的安全措施是很好的 黄果树瀑布是必须要去的！
收起评论",好评
夏天七月份去，正好碰上汛期，瀑布最壮观的时候，站在下面，简直太震撼了......,好评
黄果树大瀑布气势磅礴，宏伟壮观。,好评
"想来贵州的理由并不在黄果树瀑布，是因为看了网上那里很多贫困的寨子吃穿都成问题，想带着老弟一起送些衣服文具去尽点心意，并且还有超级神秘的洞葬吸引着我。 下了班浦东机场直飞黄果树瀑布，第二天一早去妥妥的避开了人流。整个黄果树景区分为三个部分，每个之间七八公里，需要坐景区游览车。不想等游览车，单独包了车自己舒舒服服的玩，第一站陡塘坡找到生日石留个影，天星桥基本没人瀑布看了个够，黄果树瀑布坐电梯下去确实是气势磅礴，可惜水帘洞在修葺没开放。
收起评论",好评
"这里就是一个大氧吧，到处都是青山绿水。看到课本里的经典景色映入眼帘时，还是小兴奋的。但也许过于关注大瀑布了，当看到银链坠瀑布时，更让我惊喜，巨大的水流声，真是气势如虹，水汽蒸腾在空中，久久不愿离去。美丽的自然，我们要加倍爱护。
收起评论",好评
"腊月里，报的一日游，来到贵州的黄果树瀑布，我们来的时候人不是很多，虽然不是丰水期，但是黄果树的景色依旧非常的美丽，我们拍摄了很多像画一样的美景，每一张图片感觉都可以当成屏保，围绕着黄果树大瀑布远景近景，左面的右面的各种拍摄，大家的手机内存一定要足够哦，来了之后你就会一直拍一直拍
收起评论",好评
"漂亮是蛮漂亮的，值得一去。挺大的，三个景区，我大半天可以搞定，但如果拖家带口需要时时休息或者时时拍照的一天不够。 道路多有湿滑，尤其在溶洞内和水帘洞附近。我就在阶梯处滑了一跤，拖着残肢继续玩完全部，再找到简陋医务室，得到一瓶冰冻矿泉水冷敷半小时。迄今三个多月啦，扭到的地方还没完全消肿…
收起评论",好评
"贵州基本上每年都会去，黄果树真系一个好唔错嘅景点，印象最深刻嘅系天星景区银链坠瀑布，实在太靓啦，而且好有特色，同以往见过嘅瀑布完全一样，层层叠叠现场睇落好壮观，真系好似一串串白色嘅珠仔一样咁靓，以后有机会一定要再去
收起评论",好评
"5A级的名胜风景区，贵州必来之地，水势浩大，世界著名。 大自然的运动，呈现了壮观景象。 反而庆幸我们是4月去的，水汽还不是特别的大。 听导游说到夏天洞里不穿雨衣是过不去的。 ?????导游也很耐心，听说她是当年给国家领导人讲解过的。
收起评论",好评
"重头戏是黄果树瀑布，大自然的鬼斧神工总是出乎人类的意料之外。冬天的水势不及盛夏，但是真实见到还是非常震撼，近距离接触感觉如同在雨中一般，一路都在介绍与西游记的渊源，总觉得下一秒主题曲响起，师徒四人就会出现一般……
收起评论",好评
"黄果树是我国5A级风景区，位于贵州的安顺，风景秀丽，壮观，让我真的非常的震撼，我们是一月的时候去的，人还行，挺多的，风景真的非常的漂亮，漫山遍野的绿色，让人心旷神怡，感叹大自然的杰作，非常的壮观，瀑布由如从天而降，太漂亮啦。
收起评论",好评
美丽的黄果树风景区，令人无比神往。和家人一起跟团畅游，就是时间太紧张了，赶的慌。,好评
"黄果树大瀑布是我特别想去的地方 因为上学的时候在课本里学过.. 我就是比较喜欢怀旧 去赵州桥也是因为课本里学过所以想去看.. 黄果树瀑布看的人超级多 瀑布也很大 雾气在很远的地方就能感觉到了 像下雨一样.. 空气也特别新鲜..
收起评论",好评
"看到过的最壮观的瀑布，没有之一。此次去贵州，就是为了看黄果树瀑布，其他都是顺路。看瀑布之前，要下很久的电梯，把我们送到山下，再走一段路，越走近越能听到水的轰鸣声，然后是密密的水雾扑满全身，嚯！那就是黄果树瀑布！
收起评论",好评
"贵州最最有名的当属黄果树瀑布，飞流直下三千尺，疑是银河落九天；气势如虹，老远就能感受到水花弥漫的雾气； 可惜的是没有黄果树瀑布“夜游”，当某一天月色当照，景区重要节点布置好灯光，那看着瀑布将会又是一番趣味-当属个人遐想... 这个景区需要整整游玩一整天，拍照拍到手软；还有西游记片尾曲师徒四人跨过平坦坡的场景也在这里取的，贵州更有多处是西游记的取景地； 怎么说呢？ 我觉得这个景点是漂亮，有点到此一游的意思，没有来第二次的吸引力对我； 不如马岭河大峡谷我反而觉得愿意再去；可能也是我更喜欢有思考韵味的点吧； 来贵州这里肯定是必到的打卡地，暂且评论到此吧
收起评论",好评
"去贵州旅游必去地黄果树瀑布。 号称亚洲最大的瀑布。 这里是著名的西游记的取景点。 头一次感受到大瀑布的壮美。 景区设备很先进。 有供上下的直梯非常方便。 即便是体力不好的老年人和残疾人， 都可以进行游览。 恰逢我去参观的时候， 遇到天气晴朗，还可以看到依稀的彩虹。 据说黄果树瀑布有6个观景点。 可以走到瀑布后面跟他有个近距离的接触。 后面就是传说中的水帘洞了。 夏天去的，水打在身上很凉爽。
收起评论",好评
"特色体验：可以做电梯上山，在返程图中省了很多力气 推荐理由：终于打卡这个从小就知道的景点，也是来贵州必玩景点之一，丰水期壮丽，水量少的时候也很秀丽。 tips：淡季去虽然水量不大，但是人少，可以充分体验黄果树的美景
收起评论",好评
"一直怕去4A以上的景点，因为觉得人多或者很多不值。 因此路过贵州数次，也未曾去黄果树瀑布。 这次因为带妈妈云贵游，景点是必须去转转的。 大瀑布刷新我之前观念，大景点很多也是必去打卡的，不亏为贵州排名第一的旅游景点。 最远的是天星桥景点，时间可以安排一天，其他两个景点大瀑布和陡坡塘可以安排一天。景区的门票是可以用两天的，因此时间安排好，就可以玩的更好。
收起评论",好评
"黄果树风景名胜区是国家重点风景名胜区，景区内以黄果树大瀑布（高77.8米，宽101.0米）为中心，分布着雄、奇、险、秀风格各异的大小18个瀑布，形成一个庞大的瀑布“家族”。 黄果树风景区被大世界基尼斯总部评为世界上最大的瀑布群，列入世界基尼斯记录。 暑期去游玩的好处是水量充沛，坏处是人实在太多，景区虽然较市区凉爽，但没有树荫的地方还是很热。
收起评论",好评
"离上次到黄果树瀑布旅游已有十年时间，亚洲第一大瀑布.是世界上唯一的可以从六个面看到的瀑布.上.下.左.右.前.后六个方位观赏的瀑布，气势磅礴，其壮阔不但亚洲第一，在世界上也排第三。每年78月份是最佳观赏时期，相对我们这个时间去，瀑布的水流量也不小。
收起评论",好评
"#首页报名霸王餐#，#无锡橙V有特权#。2018年旅游旺季期间，贵州省出台对江浙皖三省来贵州旅游免门票的优惠措施，且高速公路半价收费。抓住机会特选了以黄果树风景名胜区为中心的旅游，且适逢连日下雨，黄果树那几日的瀑布如雷霆万钧声势振天。到是不虚此行了。另外西江千户苗寨，大小七孔风景名胜也是值得一游的。
收起评论",好评
"「黄果树大瀑布景区」 一年不同的时间段黄果树瀑布会呈现不同的景观，去年6月份中旬值汛期，黄果树瀑布水颜色偏黄，水量全年最大，场面十分壮观！ 在观景台观看瀑布的人们都穿着雨衣、打着雨伞，头发、身上都被瀑布水淋湿了，但也不能阻挡大自然给人们带来的惊喜，人们流连忘返，尽情的欢呼！尽情的感受大自然的馈赠！ 人们在观景台、青石路、吊桥上…全方位的观看和体验着黄果树瀑布的壮观以及河套湍急如洪水般的水流，无比满足大自然的能量与神奇！
收起评论",好评
"祖国的河山多美丽。 来到黄果树瀑布区。感受到看祖国地大物博。真是不用到外国去。我们的祖国有这么宏伟的瀑布群。有山有水。我们边走边拍风景。尽情收氧气。我们用了一天的时间，来到黄果树瀑布区。走了徒坡塘风景区，七星桥风景区，最后才到黄果树瀑布区。风景优美。是很愉快的旅行。
收起评论",好评
淡季去的黄果树大瀑布，人少景美机票便宜，非常值得一去！,好评
"位于贵州省镇宁布依族苗族自治县黄果树镇 黄果树瀑布历史悠久，早在1982年，已经是国家级重点风景名胜景点之一 黄果树瀑布属于珠江水系西江干流南盘江支流水系，瀑布群中规模最大的一级瀑布，是世界著名大瀑布之一，水势汹涌而浩大，瀑布高度为77.8米，其中主瀑高67米，瀑布宽101米，其中主瀑顶宽83.3米 建议游玩一天，早上早点出发，因为人多需要排队，带点干粮和水，衣服，雨衣
收起评论",好评
"黄果树风景名胜区，地址为贵州省。安顺市关岭县黄果树国家公园。 交通：交通的话他有大巴车过去，我们是自驾早上8:00贵阳出发到上午10:00多到景区。 特色体验：黄果树风景名胜区的景区分三个地方陡坡塘，天星桥和黄果树，我们因为没有太多时间就直接去了黄果树，因为是旅游旺季人非常多，所以大家还是避开高峰期。 推荐理由：黄果树瀑布确实很漂亮，规模也很大，值得来一趟。
收起评论",好评
"都说冬天的黄果树瀑布不如其他季节的好看，但是去了以后发现真的是各有风骚，以后如果有时间，各个季节的都要去一次，除了瀑布，还有溶洞，黄果树的溶洞不同于其他溶洞，没有过度开发，几乎保持纯天然的感觉，真的非常好玩
收起评论",好评
"交通： 自驾游去的，从贵阳市区开车到安顺大概4小时。 特色体验： 走到黄果树要穿过水帘洞，景区的风景也很好。 tips： 最好是雨季来看黄果树，水量大，瀑布比较壮观。 推荐理由： 贵阳气候很舒服，黄果树驰名天下，不妨来看看。
收起评论",好评
"走过西游记唐僧师徒四人的取经之路！ 黄果树瀑布，怎一个惊艳了得，那磅礴的气势，顺流而下的浩浩荡荡，心情都跟着飞扬，这才是对于旅游真正的拓宽眼界，天天在城市里看到高楼大厦的景象，总是看不见这样美好的自然风光的，所以，这样的旅游感觉还是不错的。 如果来这边坐观光电梯，推荐单程甚至不坐都可以，其实走上去时间还是挺短的，也就20分钟左右，还可以欣赏一下沿途的风景，感觉挺棒的！ 如果时间充足的话就继续前进看一下水帘洞吧，这个大概得20-30分钟左右，但是还是挺值得的，可以直接来到黄果树瀑布的后面，在瀑布的里面行走着，别有一番体验。出来的时候走的吊桥，很长的一段，风景不错哦！ 总体来说，来贵州一定别错过黄果树瀑布，真的很值得！！！！
收起评论",好评
"白水如棉不用弓弹花自散， 红霞似锦何需梭织天自成。 黄果树瀑布，古称白水河瀑布，位于贵州安顺镇宁布依族苗族自治县，为黄果树瀑布群中规模最大的一级瀑布，也是世界最为知名的几大瀑布之一。 瀑布高约66米，宽约80米，以水势浩大而著称，属于喀斯特地貌中的侵蚀裂典型瀑布。 明代著名旅行家徐霞客在其游记里这样描述黄果树瀑布：“珠帘钩不卷，匹练挂遥峰，俱不足以拟其壮也，盖余所见瀑布，高峻数倍者有之，而从无此阔而大者。但从其上下瞰，不免神悚。” 作为详细描述黄果树的第一人，也是从徐霞客开始，黄果树瀑布开始随着他的著作《徐霞客游记》开始名扬四海。1987年1月，当地政府在黄果树大瀑布前塑了一尊徐霞客雕像，以示纪念。 瀑布这边有5个观景点，123在对面的平台，4在水帘洞的半山腰，5在瀑布边，个人感觉对面的观景感觉最好。 友情提醒：记得穿防滑防水的鞋子，带雨衣。
收起评论",好评
"黄果树大瀑布位于贵州省安顺市镇宁布依族苗族自治县，是亚洲第一大瀑布，也是世界著名大瀑布之一。其水势浩大、汹涌澎湃，响彻云霄的瀑布声和周围安静的绿树青山相得映彰，更显壮观。瀑布后面建有＂观瀑亭＂观景台，一条蜿蜒曲折的山路从这里横穿而过，站在水帘洞中向外观看，奔腾不息的河水从悬崖绝壁上飞流直下犀牛潭中，气势磅礴，激起轻纱帐般的?朦细雨，烟云飘渺水汽蒸腾，震撼人心！
收起评论",好评
去年夏天，公司组织的旅游，前段时间好是雨季，所以特别的壮观。,好评
虽然冬天去水没有夏天的大，但还是很美。,好评
"春节假期和家人去了有名的黄果树大瀑布，最早知道他因为烟，这次终于有机会来了，毕竟是淡季，人不是很多，门票可以去三个景点，这个季节水量不是很大，但还是能感受到他的魅力，西游记拍摄就在这里，可以从瀑布后面的水帘洞穿过去，总体感觉真的很好，希望下次有机会夏天再来一次
收起评论",好评
"黄果树瀑布，天星桥，陡坡塘，整个黄果树瀑布景区分为这三大部分。 走过这么多城市的5A级景区。个人觉得这是最规的一个。管理，景区路线设计，景色，人文，安保，绝对都是5A级标准。 建议大家先从陡坡塘开始倒着走，景区太大了。玩一天绰绰有余。
收起评论",好评
"黄果树瀑布，小学课本里出现过的地方，实在是太美了，英文叫magnificent! 景区里层峦叠嶂，树木郁郁葱葱，苍翠欲滴，景色宜人，空气清新，是个天然的大氧吧。 景区里除了最大的瀑布之外，还有好几个小瀑布，每个都很值得一看。最大的瀑布还没看到是便听到了巨大的水声，有震撼之感，如果来贵州，就一定要去黄果树瀑布！
收起评论",好评
"黄果树瀑布，我感觉它胜在布形漂亮，像帘子一样分开垂直挂下。 交通： 整个景区面积很大，光靠走肯定不行，所以景区内还有交通车，循环往复，接送客人。 特色体验： 这个景点就是沿着一条河一路往前。河边不断有景点，有惊喜，等你探索。 推荐理由： 黄果树瀑布，经典部分就在他这边，沿着台阶，下到谷底，对面山顶一排壮观的溪水顺崖而下，落差至少百十米吧！发出隆隆水声，荡漾起层层水雾缥缈。
收起评论",好评
"读万卷书，走千里路，大美江山。 黄果树瀑布，即黄果树大瀑布。古称白水河瀑布，亦名“黄葛墅”瀑布或“黄桷树”瀑布，因本地广泛分布着“黄葛榕”而得名。位于中国贵州省安顺市镇宁布依族苗族自治县，属珠江水系西江干流南盘江支流北盘江支流打帮河的支流可布河下游白水河段水系，为黄果树瀑布群中规模最大的一级瀑布，是世界著名大瀑布之一。以水势浩大著称。瀑布高度为77.8米，其中主瀑高67米；瀑布宽101米，其中主瀑顶宽83.3米。黄果树瀑布属喀斯特地貌中的侵蚀裂典型瀑布。
收起评论",好评
"17年冬天去的，不愧久负盛名，当时整个贵州的行程里只有黄果树出现了需要排队进景区参观的状况 虽然人多，但景色对得起等待，那时手机比较旧，拍出来照片比较糊，实景是很美的，冬天的黄果树瀑布水流量小，没有夏天那么壮观，不过多了一些柔美。离得近会感受到水雾，会有一些冷。 黄果树背后的瀑布也很美，没有黄果树那么高但更宽阔，各有特色
收起评论",好评
"黄果树瀑布，唐僧师徒四人西天取经途径之处。古称白水河瀑布，亦名“黄葛墅”瀑布或“黄桷树”瀑布，因本地广泛分布着“黄葛榕”而得名。一路上经过的山边野地的确可以看见许多这些树木悄然静立，就是季节不对，没亲眼见到黄果压满枝的盛况。 适逢国定假日，人多在所难免，还好安排了VIP车直接进景区，避免了在门口如山如海的长龙里挣扎打拼。 进园后，穿过一个小小的盆景园，再徒步一段山路，转几个弯，就可以得见瀑布的真身了。 “拔地万里青嶂立, 悬空千丈素流分。” 凭栏眺望，但见巨瀑似布如帛，汹涌澎湃。走得再近些，便闻穿云裂石之声，震耳欲聋，水流激荡，玉花飞溅，吾等皆屏息凝神，不知不觉间，全身濡湿，衣履俱透。 水，至柔，却兼具万钧之力。别小看，绕指柔，也可化身百炼钢。
收起评论",好评
"没见过黄果树瀑布前，可能无法想象这种震撼，直到亲眼见到，才觉得大自然的鬼斧神工，真的让我由心生出的惊叹。 黄果树瀑布属于喀斯特地貌中的侵蚀裂典型瀑布，是世界著名大瀑布之一，高77米，宽101米，以水势浩大著称。 景点： 黄果树瀑布 地址：贵州省安顺市镇宁县 门票：旺季160元，淡季150元 开放时间：全天 最佳游玩时间：6-10月最佳 推荐理由：被吉尼斯纪录认证的世界上最大的瀑布群，享有中华第一瀑美誉，也是亚洲第一大瀑布，每年的七八月份是最佳观赏时间，水量最为充足，气势磅礴。通过五个观景台可以欣赏到大瀑布不同的景致，是世界上唯一能全方位观景的大瀑布。 每年这里都会举办黄果树瀑布节，宣传独特的自然景观和多姿多彩的民族民俗文化。
收起评论",好评
"之前夏天去的，要看大瀑布得坐一段很长的滚梯才能到达。 瀑布的水很大，确实很壮观，不愧是世界著名大瀑布之一！ 周围的绿植很茂盛，郁郁葱葱的，天然的一个大氧吧，空气清新自然，在这居住真得能多活十年没问题，真的特别喜欢??
收起评论",好评
"8月底九月初带爸妈去的，到了当地找的纯玩旅行团，感觉不错，就是起的有点早，但是老人家倒是不怕起得早，景色壮观，值得一来，错峰出行，没什么游客，不用排队，特别爽，瀑布水量充裕。听导游说高峰期需要排队很久，很庆幸选择的时间恰当
收起评论",好评
"十几年前去的了，刚刚翻出了三张照片，貌似后面两张还是其他瀑布的照片，反正都是一条线。就是在一个周末游玩的。当时是3月份去的，水量不是很大，不过看起来已经比较雄伟了，毕竟是老牌的景区，一说到贵州的旅游景区，首选的就是黄果树瀑布。
收起评论",好评
"非常值得一去！！！ 瀑布很壮观 身临其境比照片、视频真的震撼太多！ 建议用一天的时间好好体验一下 不过交通一般 自驾更方便一些 有很多团但是我更喜欢按照自己的节奏去游玩 跟家人一起走走停停 感受黄果树的壮丽与秀美
收起评论",好评
"黄果树瀑布出名始于明代旅行家徐霞客，瀑布位于贵州，是世界著名大瀑布之一，以水势浩大著称，看到黄果树瀑布就会想到西游记敢问路在何方在心里不自觉的唱了起来，我们大中华湖光山色各种美景还是很多哒
收起评论",好评
"冬季枯水期，水量不是很大，不过还是很漂亮！有三个区域，陡坡塘最小，是上游，是一个比较小的瀑布，很快就可以逛完，黄果树瀑布是中游，很壮观，是最出名的景点；还有一个区域是天星桥，属于下游，很大，全部逛完要3个小时左右。三个区域有观光车送达，陡坡塘和黄果树可以放在一并游览，天星桥要远些，不过如果一天之内光三个区域会很累，我们分成两天逛的，住的黄果树宾馆，就在景区里，非常方便。
收起评论",好评
"黄果树瀑布，去贵州必须要去的一个景点。 很不巧，当时阴天，拍照没有拍出效果。我是3月去的，建议6~10月去玩，天气好，拍照也好看。 黄果树瀑布历史悠久，1982年，列入第一批国家级重点风景名胜区，真的值得一去！
收起评论",好评
"黄果树景区包括：天星桥景区、黄果树大瀑布、陡坡塘景区等。是国家重点风景名胜区和首批国家5A级景区。 (一)天星桥景区 首段是天星桥，大别山人称石舖桥，是一块块间断平滑的石头组成过河桥，天星桥的石舖桥。每块石铺上有一个日期，从一月一日到十二月三十一日。每个日期下方还有一款该日出日的世界名人。 中段是天星洞景区，在五光十色、变幻无穷的奇峰异石中，4根大石柱直抵洞顶，柱上石花丛生，色泽艳丽，如雕龙刻凤，栩栩如生。 末段是水上石林景区。瀑布水自伏流涌出后形成冒水潭，跌浪飞雪，银链坠潭，奇石与流水的组合显现灵气。 银链坠潭瀑布。它不以高取胜，也不以阔或以大惊人，而是以它那干丝万缕的情态和如泣如诉的瀑声，让人看见就不想离开。
收起评论",好评
"五星级导游晓宇领着去了三个景点，分别是陡坡塘瀑布，天星桥，黄果树瀑布，十二月份去的，人不多哦，恰好可以认真仔细的观赏。 第一站陡坡塘瀑布，西游记片尾曲《敢问路在何方》的师徒四人走的那段瀑布，虽然冬季，水流小了许多，可是景色还是很漂亮的。 第二站是天星桥，沿途可以在脚下找到生日石，还会看到高老庄，对啊，就是猪八戒娶媳妇的高老庄。 最后就到终点也是重点黄果树瀑布，孙悟空的水帘洞就在里面啊！水流湍急，打在石头上的声音很大，大家打着雨伞或者穿着简易雨衣，穿过水帘洞，到了瀑布里侧，瀑布很壮观，游客们都很叹为观止。 在坐瀑布电梯那里，还有许多盆景，还看到了地理学家徐霞客的雕像，这位旅行家写过黄果树瀑布景区的游记哦！ 祖国的大好河山很壮观，等着我们去观赏，希望疫情赶紧过去，加油！
收起评论",好评
"很美！秀丽！层层叠叠的山峦间，倾泻而下的瀑布群。图四是我小时候百看不厌六小龄童版本《西游记》里，猪八戒和7个蜘蛛精嬉水的取景地(≧?≦)。景区周边随便吃吃就是摊鸡蛋、腊肉和酸菜鱼。别看普通小餐馆，味道很可以呀。
收起评论",好评
"黄果树大瀑布，还有什么好说的呢，名气实在是太响亮了。来贵州旅游一定不会错过，景区非常之大，有三个大的部门，每一个在外地可能都可以撑起一个5A景区，三个合在一起，中间通过区间车来中转，仔细游览的话时间至少1整天，建议大家可以早点到景区，也不会太拥挤。大瀑布景区的人太多了，建议安排在首先游览。天星桥需要步行的时间比较长。
收起评论",好评
"黄果树瀑布是国内数一数二的著名大瀑布，贵州的旅行就是直奔了，黄果树确实风景太壮观了，在人流如潮的人群中，远观瀑布直下几千尺，声势浩大，振动人心喔。真好遇见六角梅的盛开，一片片瑰丽鲜艳夺目，让我们爱花的人群开心不毅，贵州市里也好发达呀，贵州是个好地方！
收起评论",好评
"来之前以为黄果树只是一个瀑布，来了之后才知道有好几部分组成。 中部的瀑布最高，称为：大瀑布。 上部的瀑布最宽，称为：陡坡塘瀑布。 下部的瀑布最美，称为：银链坠潭瀑布。 总的行程还是蛮累，早上9:00-下午18:00结束，行程2.5w步。
收起评论",好评
贵州之行之贵州黄果树大瀑布！不管你是第一次去还是第二次去都会觉得好壮观,好评
一共三个景区，有大巴车，到了景点还要自己走，电梯票建议买，不然体力消耗真的很大。,好评
"黄果树瀑布，即黄果树大瀑布。古称白水河瀑布，亦名“黄葛墅”瀑布或“黄桷树”瀑布，因本地广泛分布着“黄葛榕”而得名。[1]位于中国贵州省安顺市镇宁布依族苗族自治县，属珠江水系西江干流南盘江支流北盘江支流打帮河的支流可布河下游白水河段水系，为黄果树瀑布群中规模最大的一级瀑布，是世界著名大瀑布之一。以水势浩大著称。瀑布高度为77.8米，其中主瀑高67米；瀑布宽101米，其中主瀑顶宽83.3米。黄果树瀑布属喀斯特地貌中的侵蚀裂典型瀑布。 黄果树瀑布出名始于明代旅行家徐霞客，经过历代名人的游历、传播，成为知名景点。 地址 贵州省镇宁布依族苗族自治县黄果树镇 中文名 黄果树瀑布 瀑布类型 侵蚀裂典型瀑布 所属水系 珠江.西江.南盘江.北盘江.打帮河 地理位置 贵州安顺市镇宁县 所属地形 喀斯特地形地区 高 77.8米 宽 101米 开放时间 全天 门票价格 旺季160.00元 淡季150.00元[2] 著名景点 坝陵河大桥 建议游玩时长 3-4小时 适宜游玩季节 6月-10月最佳
收起评论",好评
"17年去的黄果树瀑布，最近这个疫情没法出去，然后又要继续完成每个月的任务，所以就来这里点评了。当时是在贵阳报的一日团，大早上很早就出门了，大巴来回接送。景点还是挺不错的，特别我这样家乡都看不到山的人，看着山山水水是真的舒畅，在贵阳那七八天的确很开心，2020年有时间再去一次。
收起评论",好评
"冬季拍照更美哟 黄果树是去贵州旅行怎么也绕不开的坎了虽然他的规模跟美洲那两个巨无霸没法比但毕竟也是天朝第一甚 至亚洲第一了 因为是冬季去的属于枯水期少了丰水期的一点气势磅礴但反而多了份清秀俊美好比一-个是孔武有力的猛张飞一个是潇洒飘逸的赵子龙我我我当然是选择跟我-样帅的赵云啦 玩笑归玩笑不说个人审美只从拍照效果来说这样的黄果树是最好的整片连起来的瀑布实在拍不出什么特别的美感
收起评论",好评
"我得说一声 这都是以前的存货 这日子头 全国人民都在抗击疫情 咱也不可能出门给人添乱去 黄果树大瀑布高77.8米 宽101.0米 是中国最大的瀑布 也是世界著名大瀑布之一 在三百多年前 中国著名的地理学家、旅行家徐霞客描述其“水由溪上石，如烟雾腾空 势其雄厉 所谓珠帘钩不卷 匹练挂遥峰 具不足拟其状也 在那我只剩下仰脖去看 手机去照 附耳去听 人真多
收起评论",好评
"【黄果树瀑布】中国第一大瀑布 位于贵州省安顺市镇宁布依族苗族自治县内，属于中国第一大瀑布，也是贵州一个名片。 古诗云“飞流直下三千尺 疑是银河落九天”虽写得庐山瀑布，用于黄果树瀑布也十分符合。倾泻而下的水流在到达底部时的水花飞溅激起雾气来。 保留十分完整的自然风景，从贵阳搭大巴车可直达景区景点附近，餐饮业和住宿配备都挺齐全。 瀑布景观十分壮观，水流湍急，提前准备了雨衣和防滑雨鞋。 属于亚热带气候，所以夏季宜人，避暑胜地，冬季温度5度左右，比贵阳要暖和一些，也不会结冰，旅行和放松不错的地方。 远离市区，空气质量挺好的，购物发展也挺成熟，比川西居住环境舒适很多
收起评论",好评
"黄果树大瀑布洞，是世界上惟一能从上、下、左、右、里、外，6个角度来全方位观看、触摸的瀑布。 这篇只说从里面看瀑布，那就是水帘洞，旺季里要半小时排队才能进去。 水帘洞在黄果树瀑布四十米至四十七米的高度上，全长一百三十四米，共有六个洞窗、五个洞厅、三股洞泉和六个通道。不进水帘洞，就不会真正领略到黄果树瀑布的雄奇和壮观。
收起评论",好评
"惊叹于大自然的鬼斧神工。 有中华第一瀑美誉的黄果树瀑布，其实是拥有风格各异的大小瀑布共18个所组成的瀑布群，而被吉尼斯世界纪录认证为世界上最大的瀑布群。目前包含三个景点：黄果树大瀑布、天星桥和陡坡塘。在景点间移动，需依赖景区的环保车（票价已包含在门票內）。一般建议旅游线路，是按照陡坡塘→天星桥→大瀑布此一顺序，但若是像我扶老携幼出行的话，建议大瀑布→陡坡塘，舍弃较为费时费力的天星桥亦可。 ★黄果树大瀑布 入口处设有黄果树大扶梯可缩短至大瀑布的时间（RMB 50元/来回），但会错过不少美景。建议步行至大瀑布，回程再体验世界上最长的野外观光电动扶梯（图九，全程340米）。 号称亚洲第一大瀑布的黄果树大瀑布，基本上在远处即可听到流水声。海拔903.9米、高77.8米、寬101米，是名副其实的大瀑布。可由五个观景台的角度分别欣赏到大瀑布不同的景致，也是世界上唯一能全方位观景的瀑布，最终注入犀牛潭中。 瀑布后方有一水幕，可以从半山腰穿过去。同时也是86版西游记中，花果山和水帘洞的所在地。 ★陡坡塘 陡坡塘是距离景区大门最近的景点。陡坡塘瀑布位于黄果树瀑布上游，虽然高度只有21米，但宽却高达105米，是黄果树瀑布群中最宽的瀑布，同时也是86版西游记的师徒四人取经必经之路。 若是体力有限，建议上午出发，走完两个景区后出园，至对面的农家乐用餐。 《徐霞客游记》中曾记载，珠帘钩不卷，匹练挂遥峰。俱不足以拟其状也，盖余所见瀑布，高峻数倍者有之而从无此阁大者，但从其上侧身下瞰，不免神竦。迄今看来，依旧相当传神。
收起评论",好评
"黄果树大瀑布享有“中华第一瀑”的美誉，去贵州玩，当然不能错过这一奇观，每年7、8月份是最佳观赏时间，因为水量最为充足，气势磅礴。 黄果树瀑布是唯一可以从上、下、前、后、左、右六个方位观赏的瀑布，其壮阔的气势不但中国第一，而且在世界上也是排在前三位的。 黄果树景区的地形还是比较多样的，所以切忌不要边走边看，要集中注意力 门票的价格是旺季180元，淡季160元。 回顾：2017年8月27日暑期游之“贵阳-黄果树瀑布”
收起评论",好评
"非常时期哪都不能去，补一下去年去贵州时候的点评吧。来到贵州一定要去黄果树瀑布去看看，趁着休息日和大家组团去玩。当时是11月份，游客不多，在贵阳的那几天一直阴天，唯独去黄果树那天放晴了，还能看到彩虹??虽然瀑布的水量不大，但近距离参观还是觉得大自然很神奇。
收起评论",好评
"安顺黄果树瀑布。 先说说安顺的吃的，安顺的小吃很多哦，丝娃娃比较有特色，还有留一手烤鱼。记得还有一条夜市小吃街，晚上很热闹。 黄果树景区是很值得去的一个景区，只是当时是国庆去的，真的切切实实体验到人山人海的感受。不过，风景真的很好呀，里面又分成了5个小项目，有的项目之间徒步就能到，有的还是需要坐景区里面的大巴车??。不过全部项目都要逛一遍的话，还是需要一整天，因为里面真的太大啦。云南过去不算远，推荐哦。
收起评论",好评
"黄果树景区非常大 景区内以黄果树大瀑布为中心 分布着风格各异的大小18个瀑布 形成一个庞大的瀑布“家族” 另外大景区内由黄果树景区、天星桥景区、陡坡塘景区、滴水滩景区、神龙洞景区、郎宫景区六大景区组成 时间有限 只玩了前三个已消耗大半天 游览后感受 精华处也就是黄果树这块 看完瀑布登山 然后穿越水帘洞……
收起评论",好评
"建议去贵州还是不要自驾游的好，因为贵州的景点都比较分散，几百公里的，路线也比较多，还是要下点功夫的。贵州必打卡的景点有黄果树瀑布，千户苗寨，镇远古镇等。万峰成林，群瀑飞流真的是形容贵州太好了。黄果树瀑布位置在安顺，建议穿运动鞋，除了门票还要买观光车50.还有大瀑布有个扶梯也是要收钱的，景色都十分壮观，大家去看看祖国的壮丽河山和体验异域风情吧
收起评论",好评
"人好多好多！这是对黄果树瀑布的最大认识，每次乘坐景区巴士都要排队一个小时，而且天气还是有些湿答答的。现在贵州政府针对来贵的游客都有很大的优惠政策，所以很划算哦！这里是西游记的取景地之一，所以来水帘洞看看吧
收起评论",好评
"说了好多年，终于在这个奇特的日子，全家出动来到了这块儿风水宝地～全国上下疫情大爆发的日子～我们竟然非常幸运的到了这里，而且景区并没有封（据说我们走的第二天，景区就不让进了…）！因为是冬天来的，所以水并没有想象中的那么丰富～但是整个景区规划，和自然风光还是很宜人的！！值得挑个合适的时间再来好好看看！
收起评论",好评
"好美好壮观 小时候总在那种日历照片 电灯上面看到过 。还有西游记里面的一个片段 现在终于来到瀑布面前 太震撼了 虽然现在不是丰水期 但是依旧挡不住震撼的景象 还出现彩虹。感谢徐霞客这位大神 摩拜啊！！！瀑布还能走进去 非常神器强烈推荐
收起评论",好评
"穿过盆景园，就能隐约听到隆隆的水声了。 曾几何时，以《黄果树瀑布面临断流》为题的新闻在媒体上频频曝光，引来无数对作为亚洲第一大瀑布的黄果树瀑布竟遭如此厄运的叹息和愤怒，故而此行观瀑，事前并没有太高的期望值，权当是“到此一游”罢了。此刻在离瀑布里许之外就听到瀑布的轰响，尽管尚没有到“远隔五里，即闻瀑声”的效果，也算是出乎意料之外，不觉有了几分振奋。 水声在渐行渐近中越来越响，透过山间的林木，已经可以看到一个大大的马蹄型峡谷了。峡谷的岩壁上，乔木、灌木共生，绿叶和藤蔓遮盖着岩石，很有点葱茏。谷底流过一片碧水，水流在河床的高低处跌落，便泛起白色的浪花。水流清澈，在青山掩映下绿如兰草，却不知为什么被称作了“白水河”。巨大的瀑布声从峡谷尽头的右侧发出，那就应该是黄果树瀑布了。 走在峡谷左侧山腰的石道上，有正在步入一所仰慕已久的剧院去看一场仰慕已久的戏剧般的感觉。已经听到了铿锵的锣鼓声，却还没看到场景与演出。想着马上要与它面对面，心便开始驿动。 首先看到的是一条细长的白练，银亮亮的从崖顶伸向谷底。在庐山看三迭泉，就是这样长长的一条白练。而为了看一眼三迭泉，上下二千多级台阶，现在想想，就对当时的自己挺佩服。而在黄果树，这只能算是大幕的一角。然后可以看到第二条、第三条直到无数条，或者笔直或者倾斜着向下坠落。当可以清楚地看到整个瀑布的全貌时，它既没有宣传图片上所呈现的高七十四米宽八十一米、如巨幅的电影银幕般整幅下泻的雄奇壮观，也不是如人们形容的“一股细流，几行清泪”般的凄清惨切，而是挂在崖壁青苔前的一片呈网状交叉的瀑布群。这一场面，倒正好与心理预期相吻合。于是，便悠然地看着水柱从崖顶跃入瀑布底部的犀牛潭，深潭水面因此雾气氤氲，可以想见如果阳光明媚并且角度合适的话，应该能够看到彩虹。 更令人称绝的，是山腰的山道一直可以通到瀑布边，然后有溶洞沿着崖壁在瀑布后面延伸，可以从瀑布的一端走到瀑布的另一端。由于是溶洞，不时有一些孔洞穿透崖壁，像是窗户一般。从孔洞向外望去，瀑布窗帘一样地挂在窗前，影影绰绰有山的绿色透过水流映入，让人浮想连翩，比如想到水帘洞和孙悟空，老龙王及小龙女，等等。 站在瀑布对面看从山道走入溶洞的游人，则像极了蚂蚁搬家的情景：小小的身影排成一列长长的队伍，顺着窄窄的山道蜿蜒进入溶洞，然后从另一端出来，再沿着另一端的山道，下到崖底的犀牛潭边。 只有到了犀牛潭边，在声如闷雷势如骤雨般的氛围中仰视黄果树瀑布，看那巨大的水柱从七十多米的高空不间断地澎湃跃下时，才能有所体会当年徐霞客在《黔游日记一》中所描述的“一溪悬捣，万练飞空，……捣珠崩玉，飞沫反涌，如烟雾腾空，势甚厉雄”的惊心动魄的场面。 白水河在这里跌落二百余尺，在潭中转个圈，停留片刻后，又被后面的来水挤出犀牛潭，淌过潭口平展的褐石，再恢复成河流的模样，清粼粼顺着峡谷流向下游。依然没想通的问题又一次冒出来：这有着绿宝石般颜色的河，为什么叫白水河？ 离开潭边，走过晃悠悠的吊桥，就又回到了初识瀑布时的起点。临上车前，再次回望黄果树瀑布，想到也许这将是看它的最后一眼，眼里便多了几分留恋。 还开出没多远，却见导游在司机耳边嘀咕了几句，汽车便开上了另一条叉道。后来知道导游忘了在景区的入口拿发票，现在要返回去取。 旅行车一路上行，一会儿就到了山顶。山顶上竟然屋舍俨然，是个小镇。镇中间那条湍急的河流，就是白水河。汽车越过河上的石桥，导游说这水流过镇子后从山顶落下，就是刚才看到的黄果树瀑布。 原来这样。
收起评论",好评
"黄果树瀑布，古称白水河瀑布，因本地广泛分布着黄葛榕而得名黄果树，属珠江水系西江干流南盘江支流北盘江支流打帮河的支流可步布河下游白水河段水系，是黄果树瀑布群中规模最大的一级瀑布，也是世界著名的大瀑布之一。 瀑布高度为77.8米，主瀑高67米，瀑布宽101米，主瀑顶宽83.3米。 黄果树瀑布由于徐霞客的游记而出名，一辈子之中有必要去那么一次。
收起评论",好评
众所周知的亚洲第一大瀑布 就不多做点评了下一站龙宫,好评
"黄果树瀑布这个是在贵州最有名的景点，黄果树瀑布的游客也很多，所以我们的车开过去的时候，不能够停在他们门口的停车场，所以把车停到了很远的地方了然后走路过来，黄果树瀑布这个是在小学课本就有，这次来终于见到了真实的黄果树，如果近距离拍照的话需要买一件雨衣因为水雾很大会把身上打湿。 上面还有水帘洞据说是拍西游记的，只可惜这次人太多没有机会
收起评论",好评
"黄果树瀑布，地处贵州省的安顺市，全国乃至全世界知名的瀑布群，一直都是只闻其名不见其“人”，但真的身临其境的时候，就被震撼到。去年的时候去的，天气不错，还能看见彩虹，不是节假日，所以人也少，逛起来很舒服。
收起评论",好评
"旅游景点人很多，但是绝对值得一去，看看西游记的拍摄地，里面景色优美，空气新鲜，看瀑布带雨衣，防止衣服湿掉，很成熟的旅游景点，安全一天时间感觉没有玩够，不要自己去，结伴同行，不需要花钱照相，自己照就可以，有的都不用修片的。
收起评论",好评
黄果树瀑布很壮观，可以看到彩虹。,好评
"黄果树瀑布位于贵州省。古称白水河瀑布，亦名“黄葛墅”瀑布或“黄桷树”瀑布，因本地广泛分布着“黄葛榕”而得名。是我国最大的瀑布，也是世界著名大瀑布之一，以水势浩大著称。黄果树瀑布属喀斯特地貌中的侵蚀裂典型瀑布。 黄果树瀑布素以“雄伟、壮观”而名扬四海，而其最神奇之处在于隐藏于大瀑布半腰上的水帘洞。水帘洞位于大瀑布40 - 47米的高度上，走进水帘洞，真正领略到黄果树瀑布的雄奇和壮观。
收起评论",好评
"作为整个贵州最知名的景点 确实也是风景最秀丽最壮观的景点。陡坡塘瀑布的话就是看个热闹 纯粹是因为西游记而出名。天星桥景区全程太长了 带老人小孩去的就不建议走后半段 到了高老庄可以直接出去。黄果树瀑布作为核心景区 照片完全拍不出瀑布的波澜壮阔 水帘洞有时间的话一定要去
收起评论",好评
"那年十一去的贵州。十一的时候，人真的是非常非常非常非常多。仅次于暑假了。 本来想早点去的，结果因为车的问题耽误了一点时间，起了个大早，赶了个晚集。所以好赶上人流高峰进的景区。 黄果树瀑布是必去的，非常的壮阔，号称亚洲第一瀑布，果然名不虚传。运气好的话可以看到彩虹。去的时候水帘洞在修茸，没有去看到。 陡坡塘的瀑布没有水帘洞那么高，但是也很宽。这里和黄果树瀑布是西游记拍花果山水帘洞的取景地。 天星桥景区有点出乎我的意料之外。这里不仅有很大的水流，里面还有一个大溶洞，溶洞非常的深，非常的大，很值得一看。还有数步生，可以找一找和自己出生年月相同的日期。 景区内有交通车，在三个景点之间来回奔波。我们走的行程是黄果树瀑布，天星桥，陡坡塘。去一定要趁早，去一定要趁早。整个景区有三个大景点，至少需要一天的时间。去的早的话，黄果树那边没什么人可以拍很漂亮的照片。 因为安顺和青岛是对口支援城市，所以对山东游客门票实行优惠，只有几十块钱，非常的实惠。
收起评论",好评
"黄果树瀑布！ 整个景区分为三部分，当然最核心的是这个大瀑布了。远远的就能听到水声，走近更是能看到水雾，运气好可以见到彩虹??。瀑布是上看下看左看右看里看外看，最好玩的当然是从瀑布后面穿过了，在那里只能看到白白的水流，声音大到说话靠喊。一日游妥妥的～
收起评论",好评
"一共分为了3个景区，天星桥，陡坡塘，大瀑布，中间由换乘车，在景区之间开。 天星桥，是水上石头，有365个石头，可以找自己的生日。 陡坡塘，是西游记的取景地 大瀑布，就是黄果树的核心，有水帘洞，建议穿雨衣，冬天去的也很好看，天晴的时候有彩虹
收起评论",好评
"#科技# 购买门票后，景区内各个景点在入口处刷身份证和刷脸就可以进去了 #建议# 景区路牌和地图很少，而且指导不清晰，经常到了路口一脸懵，不知道走哪边好 #景色# 非常美且宏伟，非常值得一看。由于水量大，更多水很飞到地面，弄湿鞋子，建议大家带个防水的鞋套。我得靴子惨变水靴了
收起评论",好评
风景美如画，疑是银河落九天，必打卡的景点。,好评
"黄果树瀑布 黄果树瀑布景区包含3个大景点:大瀑布，天星 桥，陡坡塘。各景区之间需要坐接驳车。门票加车 票大约240元。 大瀑布是最大的瀑布，也是最漂亮的。 天星桥是拍摄西游记的盘丝洞，白龙马出水的地 方。里面有个桥上桥上桥很有特点。瀑布比较急， 暗河比较多，在天星桥一定要注意安全。 陡坡塘据说是拍摄西游记片尾的地方。距离停车场 很近。 游览线路建议:大瀑布用半天时间，然后在紫藤苑 吃中餐，接着在游客中心坐车去天星桥，最后去陡 坡塘。
收起评论",好评
"几年前和朋友一起来过这里。是七八月份，感觉瀑布很宏大，非常壮观，游人也很多，排队的时间很长。这次是春节假期和家人来这里。感觉瀑布的水量没有夏天的时候大。今天有太阳，瀑布下面一直有一道浓重的彩虹。人不多，不需要排队，感觉非常爽。
收起评论",好评
"黄果树瀑布风景区位于贵州省安顺市镇宁布依族苗族自治县内白水河上游。是世界上排名第三，亚洲第一著名的大瀑布。黄果树大瀑布可以从不同的角度前后左右，上上下下五个观景台观赏大瀑布，水声震天，水汽漫天，气势磅礴，令人震撼。瀑布后面还有一个天然岩洞号称水帘洞，可身临其境近距离穿过瀑布，听瀑声，观瀑影，淋瀑雨，黄果树大瀑布风景秀丽，气势万千。非常值得一游。
收起评论",好评
"喜欢安顺的宁静，悠闲的在安顺住了2天才去的黄果树。问了当地人特地去安顺火车站包了当地牌照车去的。 到了黄果树景区门口买好门票车子就带我们一个一个景点去看，少走好多路。 所以我们一整天时间玩的很透，瀑布真是气势磅礴，很远就听到了瀑布倾泻直下的声音。水帘洞是最记忆犹新的，等于从瀑布后面穿过去，穿着雨衣还是被打湿了，特别神奇。 不亏为世界六大的瀑布！！！
收起评论",好评
"起早起床去看瀑布啦！ 安顺到黄果树还有半个多小时的车程（票价22）在客车站就能买票 到了黄果树 先排队去买票 人好多啊 都是慕名而来的么（票价180 学生证半价） 黄果树分为三个景区 大瀑布景区 天星桥景区 陡坡塘景区 先去哪个就先上哪个车 大巴车的前面都贴着目的地的标签 最好看的景区当然是大瀑布景区了 简直太壮观了 里面还有个著名的景点是水帘洞 老版的西游记猴子出洞就在水帘洞取的景 但是要注意防滑
收起评论",好评
"作为贵州省的名片，体验感相当不好，非常差！再也没有想去第二次的冲动！首先买票这个事情就太老火了，搞得黄果树瀑布很火一样要抢票，提前一天抢票！我们是去贵阳避暑的，有老人有小孩，当天下午到了景区门口告知不能进景区没有票了，我们就贵阳觉得不甘心，不回贵阳又不知道去那里！就在网上定了一个酒店298一间说的是酒店其实就是农家乐，一点都不好，买东西也不方便！吃东西就随便在住的地方点了点菜来吃！ 晚上十点和老公一起在手机上抢票，还规定了必须哪个时间段进景区！早上六点多起床楼下吃点稀饭赶紧去景区，告诉我们要先换票然后再拿身份证坐观光巴士进景区！景区一共分四个大景点：陡坡堂，高家庄，大瀑布和水帘洞！好像是这样哈，我们就去了高家庄和大瀑布！每到一个景点你看完之后又回到原点等观光车再去下一个景点！反正体验感非常差！再也不想去了！ 最后一张图片是我们出景区等观光车的时候，在烈日底下晒了两个小时排队上大巴！所有人都在那里等，场面比春运还壮观！
收起评论",差评
"整个贵州之旅——贵阳、安顺、荔波、西江，最糟糕的经历就发生在黄果树瀑布。深感失望。 必须说一句，黄果树景区管理很差劲，首先买门票需要用身份证实名制，不能网上购票。清早6点半起床从贵阳出发开车到这里，排队买票就用了一小时（十月中旬淡季，并非节假日）。因为贵州多雨，我们躲雨等待的一小时被迫跟一群素质很低的瘾君子游客站一起，他们喷云吐雾地大肆抽烟，根本没有景区工作人员制止（山区一个烟头就可能引发火灾）。这种奇景在别的景区很难见到。 再说景区承载能力，黄果树瀑布人山人海（十月中旬淡季，并非节假日），而且多数都是外地口音的老年人。我个人感觉黄果树瀑布并不让人激动，景色也不如九寨沟或是黄果树景区的陡坡塘瀑布。在黄果树景区三个点游玩的这一天，步行20000步，对体力要求高。而且老年人特别多，遇到瀑布前一个老年人因为人多拥挤还对其它游客出言不逊，印象着实糟糕。
收起评论",差评
一般，没想象的那么好，尤其水帘洞天星桥被关，觉得遗憾！,差评
"很糟糕的一次体验。整个黄果树瀑布有陡坡塘、黄果树瀑布、水帘洞3个景点。陡坡塘瀑布很小，没什么看点，黄果树瀑布也一般，水帘洞就是黄果树瀑布的背面，整个景区看下来真是平平无奇。公告上写的是票两天内有效，但是一个景点只能进去一次。该景区据说是西游记西天取经的取景点，这个噱头还挺具有迷惑性的。我觉得没看过瀑布的话看看还行，不然真没必要去看。
收起评论",差评
"十几年前来贵州，跟黄果树擦肩而过，这次终于来了。但是体验非常差。景色一般，很后面行程中的大小七孔和茂兰根本没法比。服务更差，是去过的5A中最差的。首先进园有多个点，没有标志，所有人都在第一个点等车，没有人引导去别的点。第二走水帘洞排队时间太长，人挤人体验极差。最后回程坐车居然等了两个小时，不知道景区怎么安排的。
收起评论",差评
"#2019贵州行# 听我一句劝，节假日别来！别来！别来！ 在黄果树挂了彩，胳膊摔伤了，但是不推荐节假日去不是因为受伤，而是永无止境的排队，知道回入口处的大巴排队排了多久吗？在栏杆里来回绕来绕去，人挤人，一个多小时呀，快要窒息了都…… 同样是比较不错的景点，荔波小七孔的管理就和黄果树天壤之别，不知道210的门票，你们有多少放在景区维护管理上了，应该是出口的路也被变成了入口，只能来不能回，景区一度堵人好几个位置，而且贵州人自己也特别爱来黄果树瀑布，基本都带孩子，周围全都是带孩子的家长，紧紧贴着你的身体，根本动弹不得…这是我经历过国内最挤＋管理最差的景点了。 除了以上这些，黄果树还是非常值得来的，就是别赶上下雨，否则瀑布会变成土黄色的水，还好我们赶上了晴天。 从十二点多入园，五个小时，只玩了一个大瀑布，你们能想象景区承载能力和疏导能力多差了吧？其他的陡坡塘，天星桥都没时间也没有体力玩了，虽然门票两天有效，但是第二天实在动弹不得，简直太累了……
收起评论",差评
"[特色体验]服务人员差差差！交通乱七八糟 有史以来去过最差劲的旅游景点！！！ 从小就听过黄果树瀑布，今天带外婆和男朋友去打卡 结果 ，体验感真的是史上最糟糕！接下来请听我慢慢分享吧！ 1.票价的问题 同样的售票窗口同样的扫码买票 ，同样的工作人员 ！！卖的价格不一样 ～我前面就十几二十个人 ，买个票排队一个小时 ！！速度极慢 ...还一直还看见工作人员直接插队到窗口给别人买票 简直就是坑 态度还很恶劣我们买的298 ，别人的230多！！ 2 [交通]问题 身外一个5A景点，买好门票后坐上大巴车去的路上还好，回来的路上就不管你是怎么回来的，一个破地方回来路上非要换乘四五次 吃饭的地方明明1公里非要写350米呵呵哒～欺骗消费者 还难吃！ 3 买的票说什么在景区内戴他们给的头巾，景区内会有工作人员蓄水，结果呢 人都没有 懒到极致 一个都没看到 去景区内看6d电影那里买根苹果充电器300～300多块钱?? 也就瀑布还好 ，其他的就是浪费时间，服务交通恶劣 如果去的话 建议看瀑布就好了 其它的就别去了 免得掉坑
收起评论",差评
大瀑布值得去看看，其他景点可以随意，景区安排比较乱，没有小七孔好,差评
"人家都说黄果树瀑布是贵阳的名片，也是亚洲最大的瀑布群，我真的是一点都没惊艳到 景区有三个点，第一个天星桥里头的水是为石而生的，就是在不同的石头中走来走去的同时，脚下都是水 第二个是黄果树瀑布，里头有个水帘洞，可以穿过瀑布后面 因为这两个景点都不是太特别，所以最后一个陡坡塘很多人就不愿意去了，但他却比黄果树瀑布壮观的多
收起评论",差评
垃圾，安保人员都是**。不推荐任何人去,差评
"太垃圾了，从等车开始就一点也觉得不好，等车等了一个多小时，半天不来，还很挤很乱，进了景区，景区人还封路，一会儿天都黑了，还能看啥？很挤很恶心，身体不舒服，封了好久都不让走，特别不推荐，国庆景区根本跟不上
收起评论",差评
"[交通]因为是单位疗养，跟团游，全程包车，所以具体交通不是很了解，但是出门考百度地图就没问题 [特色体验]黄果树瀑布算是贵州有名的景点，还是要打卡一下的，但是门票好像是套票，就是还得连着其他两个景点一起游览，说实话其他两个景点不咋滴 [推荐理由]我们去的时候刚好赶上门票半价，全都是人头，坐了个电梯来回，导游不让我们去水帘洞，说人多 [tips]夏季一定要注意防中暑，进了景区，有电梯票要另行购买，一定把票留好了，因为还有返程的电梯票，丢了就得自己爬山返回
收起评论",差评
为什么没有全家票也没有广东居民专享优惠票了？,差评
"五一自驾去的，史上最坑的景点，票价加观光车成人票快300了。首先五一人多，大巴车严重不够，三个景点，每个景点排大巴车至少1个半小时，每个进去景点之后核心景观排队起码2个小时，更不说上厕所吃饭。管理混乱，不懂限流，当天景区显示有6万人，去看了一个大瀑布花了快7个小时，三个景点看了一个就走了，垃圾
收起评论",差评
"[交通]从贵阳开车到景区得有3个小时左右，建议还是住景区外面比较方便 [体验]1.景区非常大，游览时间建议最好一天，不然很多地方都玩不到 2.其实大瀑布让我非常失望，可能是人太多了，就远远看一眼，不过由于是丰水期还是很壮观，不过即使这样也不建议大家暑假去玩，因为！观光车排队可以排3个多小时！整个人都很奔溃！ 3.景区工作人员态度非常差！对游客大喊大叫，很凶，很不礼貌！ [tips]建议就是能不去就不去！要去也不要旺季去！
收起评论",差评
"由于汛期，9月14日，天星桥景区13个景点，只有天星盆景区和美女蓉开放，其他核心景点都关闭了。在**提前一天订票时，没有提前通知。票价是全价购买。现场发布消息，游客们都不知道。第二张照片是告示牌。被骗了。。。。
收起评论",差评
"一次不算愉快的游玩，景区交通极为混乱。等车都等了2个小时只游完了大瀑布一个景点。搞到人晕头转向的完全没有它的名气撒。混乱， [特色体验]没有 [交通]失望 [推荐理由]没有。大小七孔景区就比黄果树瀑布好的多撒
收起评论",差评
真的没有它说的那么好玩，瀑布很小人又多，还不如去壶口瀑布看，人太多了水帘洞基本进不去，就是名气大而已,差评
"景色是美的，但是整个景区的建设和规划真的不怎么样，天气热，游客多景区的接待不行，感觉没有顺序，有点乱。亲眼看见有个妹妹在排队坐车的时候中暑了也没有工作人员来处理。现在景区在整修，希望以后能做得越来越好。
收起评论",差评
"景区摆渡车乱七八糟，完全不知道自己刚来的地方在哪里，问景区工作人员也是一脸茫然。黄果树瀑布确实不错，只是管理尤其混乱，道路狭窄，没有工作人员指引。水帘洞就别提了，排了两个两个小时的队也没有动一下，也没有工作人员疏导。总之，一种感觉，体验感极差。
收起评论",差评
除了瀑布，其它的服务我给零分，真的是设计相当不合理，一直在走路，这大太阳天气，谁受得了呀，明知道人流量那么大，也不多安排点车辆，一直等，都有人在等待过程中中暑晕倒了,差评
"从小就只知道黄果树大瀑布非常壮观，也是80版西游记的外景地之一，所以一直想去。今年暑假趁着贵州对外省游客高速半价 景区门票半价的机会带着一家人就自驾去了。优惠后门票130，自费单程扶梯每人30元。但是期望越高，失望越大呀。景区人太多了，等个观光车半个小时，大瀑布那里好不容易进去拍几张照，再去水帘洞，结果被告知起码要在外面等1个半小时，你接待不了就不要放那么多人进去撒，不能为了赚钱而影响游客的感受，不会再去了，就这一次了。
收起评论",差评
必须差评 毫无秩序 没人管理 这样下去早晚得完 谁来谁知道,差评
这里风景好美呀！可是等车的时候有很多人排队一下子用了一个多小时才排队完还是不好。,差评
"放暑假去的人很多，这很常，但很多问题是管理出来的，整体给人感觉管理很不好，管理很混乱，或者说根本就没有管理而言，尤其是在最后排队坐大巴车返回大门的地方，所有人都只能排一个队，不管孩子和老人。不停的转圈，最后都从一个口坐大巴管理来说，应该是多放几个口儿同时进行。年轻人还可以，如果是年纪大的老人或者是孩子有吃不消的
收起评论",差评
我不知道这么想的，贵州本地人要多收80，外地人打折，这是明白了不想让自己人支持自己人的事业咯，就是不想让本地人看？不是多80的问题，你原价也可以，这算是啥意思啊，这件事没完，,差评
"不得不说，黄果树大概是我去过最差的5a景区了，作为一个老牌景点，实在难以想象景区管理竟然如此的差。景区的票要提前一天从网上买，当天去肯定没票。然而网上的票卖的也不合理，我们只买了门票，因为听说可以不买观光车，可以去景区包车去三个景点，结果到了景区说不能包车，没办法又重新买了观光车，让人费解的是，当我们浏览一个景点后，外面又有包车的团队在招人，此时我们已经买了观光车的联票，没办法包车了。为什么开始不能包车，中途又可以呢？？？还有最让人难以忍受的是等观光车的时间，我们只看了大瀑布，排队等车的时间，三个小时，毫不夸张的说，简直度秒如年。我承认夏季旅游旺季人很多，但是排队的通道设置得非常不合理，正常不应该一人一列，通道设置得太宽，导致一排能站五六个人，再加上插队的，人挤人很拥挤！炎热的天气，空气中还弥漫着各种难以言说的味道，老幼妇孺怕是要晕倒了。并没有景区的人疏导一下，而且还有些没素质的人钻围栏下面的洞插队，让队伍更加难以承受。就这样，三个小时等待的时间被无限放大，体力和耐心全都在此消耗没了，我们只看了大瀑布，没有去其他景点，实在不想在感受一下拥挤的人群了。长白山也是我去过的这种需要观光车的景区，山上很窄的地方很危险呢，但是所有排队的设施都很合理，建议管理人员多学习一下别的景区怎么管理，别败了第一次去贵州的北方人对这个地方的印象！
收起评论",差评
"一星也不想给，景区在处理较大人流量简直垃圾，人堆人的排队，你踩我我踩你，还赶上汛期超级大的雨，本来去玩儿的，心情搞得也不好了，人真的超级多，建议改善，尤其是大瀑布的出客通道，景区处理大流量垃圾到爆炸，相信我，你去真的会后悔
收起评论",差评
最差的一个景区，瀑布不大，排队乘车要等1个小时，大热天的，还不如在家吹空调,差评
"来到贵州就一定要打卡美丽的黄果树瀑布，这个景点真的享誉世界，但这次体验真的蛮差的，作为国家标A景区，管理真的太混乱了。游人如织但为了坐上观光车真的挤破了脑袋，上山难，下山也难，就连坐观瀑布的超长电梯也要排很长很长很混乱的队伍。景致这么美，希望管理方面多花点心思!
收起评论",差评
"黄果树瀑布位于贵州省安顺市关岭县黄果树风景名胜区，过来参观后非常失望，情况如下：? 1.景点附近停车难，转了几圈基本找不到停车位，而且停车很贵30元壹台车，有的更贵，纯粹宰人，当地交警也没有人管；? 2.购每人半票价130元还不含保险10元，中途返程坐电梯每人还需30元，还不能刷微信更没有发票，太黑太黑了！? 3.坐50元车到瀑布后，步行还需排队3小时才能到瀑布旁，这里天气非常非常的炽热，紫外线很强，火辣辣太阳照身上象火烧一样，其间有的游客热昏了很多次；? 4.瀑布景区很平淡，说实话根本没什么看点，只是炒作宣传的多，景点与价格远远不相符；? 5.乘车返程时简直把顾客当猴耍，那么大的太阳，需要在操场排队约2小时来回走排队栏七八趟（约3公里)。特别是体弱的老年人、抱着娃娃的人、背着行李的人，那才叫辛苦，汉流甲背，非常遭罪，真是拿钱买罪受！！！
收起评论",差评
"倒不是景色不好，只是暑假旺季人太多了，看个风景整成排队了。 景区排队的地方到处可见规劝游客不打架的标语。一开始纳闷，后来我明白了，一排就是至少一小时，大家脾气都暴躁了，的确是很容易发生矛盾的。 三个主要景点，只去了大瀑布，因为排呀排呀....队....太阳还暴晒，旅游体验不好，一家人都表示再不来了。
收起评论",差评
"黄果树瀑布的管理方式给我留下很深的印象！刷新了我对这儿的看法！排个队等了两三个小时，天又热，又带着孩子，孩子都要中暑了。管理太乱，眼高手低，脏乱差，就一个自然景观瀑布值得一看，整体的管理给我们外地人印象太差，彻底失望！差到不想再说。
收起评论",差评
买票排队，进门排队，上车排队，到景点继续排队，水帘洞继续排队，回程坐车排八个连续拐弯长队，都快窒息了。总体体验非常差，不是一般的差。如果不是孩子要看孙猴子的水帘洞，一辈子都不回来了。,差评
"很差 贵州旅游真的让我叹为观止了 门票比哪里都贵 但是毫无旅行体验可言 折腾一天 满身汗 瀑布就看了五分钟不到 还一脚泥 我不知道景区有没有限制每天的参观人员数量 人挤人 看瀑布的话不如在画里好好看看。景区里面完全迈步的地方都没有 台阶不断 路窄人多 我觉得这样下去会很容易发生踩踏事件了。 门票花钱 坐车上山花钱 50的车票就是北京一号线体验 然后坐电梯也要30块买票。好不容易挤进去远观了一下 然后被告知想要近一点看进到山洞那边要排队3-4个小时。转身往回走也是人山人海一地水一脚泥。然后到后面坐车 下午最热的时候 没空调 干排队1个小时。大家身上还都是又馊又臭。真的已经不是热不热的问题了 是会窒息朋友们。总之 没什么事好好在家呆着有钱给自己买点东西就好了 千万别想不开贵州旅游
收起评论",差评
"差评！ 前几天的周日去的，景区没有限流，暑假人超级多的。要坐景点车进去，排队的地方没得遮头，轮着进去2小时，自己撑着伞，还带着小孩。景区拍照10分钟，因为天色暗就赶紧出来。 出来下大雨，等景点车出去，等待的地方需要自己撑伞，带着孩子排了2小时！身边是小孩的哭声，别人雨伞的水滴声，很多人变落汤鸡。 这么及时悠久的5a景点，只会收门票，这样的印象！
收起评论",差评
景美服务差，排长龙看水帘洞可以理解，毕竟那地方人多路窄。可是排队一个小时等观光车，中间没有任何指挥，只有个喇叭空喊，以致有人丢小孩，有人晕倒这就说不过去了吧。,差评
"黄果树风景名胜区?? 到了安顺之后，报的一日游旅行团。因为自己已经买不到去黄果树瀑布的门票了，没错这个景点好翘←_←。260元包括门票+观光车+保险。入园开始凭二代身份证，后来一直都是刷脸，还是比较科学的 景区一共三个大景点。第一站我们选择的是天星桥，它主要有桥上桥上桥、水下石林、天星洞几个看点，还有一个激流的小瀑布。花了200元请了个导游着实没有讲什么东西，希望大家别花冤枉钱??。游客太多了，导游又走的也非常快，几乎没有拍照与留恋的时间。走完之后坐摆渡车只能往回走1/2，然后还要步行1/2才能做下一个景点的观光车??，这算是相当的不合理了！ 好不容易走完排队坐车，来到黄果树瀑布景区。上午11点简直是人挤人腚碰腚听旁边带团的导游说：水帘洞就不要想了，能到大瀑布那边拍照不被其他人打扰都算谢天谢地。其实说的真没错…大家认为的黄果树瀑布是图1，而真实的黄果树瀑布是图2??全是人全是伞。如果说想不被人打扰拍照可以请人来一张十元快照。他会帮你理走周围一圈的人，趁这个机会自己先照几张??不然你是没有机会不照到人头的。 不合理之处在于黄果树瀑布的大扶梯，50往返，其实坐下去也要走路，而且电梯也蛮短的……走路下去只要人不多很快，所以不建议乘电梯??然后出来想乘观光车去陡坡塘景区……就遭遇了整个景区最可怕的一幕??最后三张图就是排队乘车的场景，两点半到四点半整整两小时??所以陡坡塘景区只能成为一个遗憾了。 排队的时候很混乱，我很佩服那些带小孩的老孃孃们，怎么能够身手如此敏捷插我一个人的时候我在想，有什么意义？难不成还能插到很前面？结果到一个拐角处再看，别人就真的去很前面了排队拐来拐去，大家心情都很烦躁，加上今天还在下雨，时间也来不及，就没有心情再玩下去了 总的来说，坐车排队久，导游讲解一般，商业气息太浓，让人玩的非常劳累。大瀑布??，西游记情怀??，两星不能再多了??我用血淋淋的教训告诉大家，八月底暑假末端，同学们的假期作业都做完了，该出来放松准备收假了。千万千万不要来这种大景区，说多了都是泪啊(′;︵;`)
收起评论",差评
"此次贵州行最差的景点之行！门票省外人员半价80，观光大巴50，扶梯50！入园无需领票，直接脸部识别，身份证识别！我们看这人流阵势质量坐大巴到大瀑布下车，中途没停！本来想自己走去大瀑布的，大概也就20分钟，但是人太多根本走不动，只得买扶梯票，扶梯也是排队超级多人，扶梯上去之后更是一个恐怖，就像一群僵尸一样，走不动！千辛万苦来到瀑布看了一眼，拍了张照片，赶紧撤退打转，想转到水帘洞去，没3个小时过不去！回程的观光巴士算是把我们一群老弱妇孺整趴下了，排队转了一圈又一圈，大概差不多20圈，就是这样慢悠悠的往前转着排队把人搞疯，人多，天气闷热，难受！排队大概1个小时上车！景区规划实在不行，破和臭！像这样排队更是不合理，前几年也是同样的时间去的九寨沟，人比这个多多了，但是没出现这样的情况，路面干净，排队合计！而黄果树完全一副破旧，硬件软件都不行，比头天去的小七龙大七孔要差多了
收起评论",差评
"第一次去黄果树瀑布，体验太差了，人多排队时间长可以忍受，但在排队时，人挤人，排队秩序非常不好，太难受，管理非常差，来回排队4个小时，看瀑布5分钟，接送的观光车在旺季根本就不够，排队时，好当心发生踩踏事件，管理能力不够，就不要做这么大的生意。
收起评论",差评
排队两小时，老人小孩子热的不行，,差评
不会再来，也不会推荐亲戚朋友来。,差评
"第一次来“黄果树”瀑布，体验非常差，五星好评全是刷出来的。道路很窄，导致大面积堵塞，出来排队更加崩溃，景区指引不清晰，排队时候下大雨，没有遮雨的设计，搞得大人小孩老人全部淋雨，景区接待能力非常差！这个瀑布就大而已，真的徒有虚名，还不如“龙宫”和“小七孔”。
收起评论",差评
"坑人的景点，来过一次不会再来。特别是看完大瀑布返程乘景点旅游大巴，光来来回回走迷宫式的队伍就花了1个半小时左右，人挤人，有些素质底下的任意插队。实际上车到目的地后才知道，返程的路实际不远，走路估计半小时左右就能到目的地，而且走路能欣赏到沿途的美景，并不像出发时的路程那么远。景区管理部门只管收钱，管理混乱，害得游客都在出口那边排队几小时等返程车。
收起评论",差评
"真的是宰人（门票160元），观光车就是大巴车（50元），一路风景都很好，但是你坐在车上啥都看不到。所谓的大瀑布也没想象中那么大，全是人，管理人员超少，人行道很窄而且来去都是一条道，非常拥挤，有些人素质真他么低，人挤人还打伞，提醒他们还当耳边风，戳到别人眼镜你配的起？“水帘洞”排队很长很长，十分钟才挪一下。还有什么“大扶梯”（30元），就是扶手电梯，它在一个棚子里，你什么风景也看不到。最不满意的就是最后在大瀑布坐车返回的时候，明明只要十几分钟就能返回，但没有一个提示。排队全是人，有几个素质低的游客在那里乱挤，好多人也反围栏插队，工作人员居然视若不见？总而言之，瀑布也就那样，一路花下来两百多块钱，真的不值，实在不明白为什么大众点评上分那么高。
收起评论",差评
"千万别来！千万别来！千万别来！ 如果想体验毫无尊严的旅游，请来黄果树； 如果想花钱买大罪受，请来黄果树； 如果想去瀑布太阳下面排三个小时，出瀑布太阳下面排三个小时，进水帘洞太阳下面排三个小时，共计全天排队十个小时，拍照两秒钟，看瀑布两秒钟，请来黄果树； 如果想体验人挨人人挤人人山人海的辣鸡景点，和汗臭狐臭体臭恶臭的陌生人紧紧贴在一起，顺便体验严重中暑濒死感觉，请来黄果树； 如果想游玩儿半天晒黑十个度，进去范冰冰，出来变非洲老黑，请来黄果树； 如果想被景点服务人员恶语相加呼来喝去，请来黄果树； 如果想看又矮又小又没看头的小瀑布，请来黄果树； 如果想彻底毁掉自己整个假期，请来黄果树！！！！
收起评论",差评
瀑布壮观，旅游体验很不好，来回摆渡车排队3-4个小时，大热天的，看瀑布的兴致都排没了。景区管理有待加强，感觉比较混乱，人山人海容易出事故,差评
"非常糟糕的旅行体验。 整个黄果树景区分三部分，其中前两个部分，陡坡塘和天星桥完全不推荐玩，根本就是坑人的，人挤人走都走不动，不要说欣赏风景了，而且也没啥好欣赏的，天星湖简直是个笑话，而这个笑话是整个黄果树景区的缩影——大段无聊的景点，必须一条路走到最后才是最好的景色，我不在乎走路，但路上那些粗制滥造的所谓景点完全就是为了圈钱和浪费游客时间的。
收起评论",差评
黄果树真NB，管理模式烂到家了，管理者跟没脑子一样！,差评
如果最差能给零星就好了，这辈子最差的体验,差评
人超级多，根本达不到这么大的载客量就卖票，老人超级不舒服。管理特别混乱，根本没达到5A景区的标准。超级差！要想带老人孩子出来玩的，一定不要来这里，身体不好的人也不要来。,差评
旺季人太多 景区管理不力 等观光车超过四十五分钟 容易中暑 收费黑 场内没有餐饮 景色还算不错 但个人感觉黄果树瀑布没有特别经验 反而是天星桥后半段人较少 瀑布壮观 景色优美,差评
信息共享不太顺畅，昨天开始网上预约，没有成功，现场购票，早上八点多开始，一上班都是说没票预约了，很多和我们一样的游客，滞留游客中心！ 建议进一步畅通信息，不要耽误游客时间！！,差评
差评，超级拥堵，只能看人，多处景区不流畅，景区内乘车要等一个小时,差评
"感受？人多，真的多。上下的电梯上，景区里，游览体验极差。全程都像是在挤北京地铁1号线的早高峰。因为人挨人人挤人的，也丝毫不透气，分分钟就一身汗。到了瀑布的近前也就完全不想再看了。图一是大门口的牌子，图二是瀑布，图三是出来之后等摆渡车的人群……景区对于外省游客有一定优惠，比当地游客便宜。但是怎么说……我感觉如果不出意外……绝对是一杆子买卖……重游什么的绝对不可能………
收起评论",差评
"一星都不想给，风景还行。但是景区管理稀烂，门票是套票，现场买票必买三景点?游览车?保险。说是门票管控，每日限流，但是每个景点候车都是超过50分钟，顶着高温、太阳、汗臭，感觉呼吸都困难。都一个人收了50元的车费，暑期高峰期景区都不能加派车辆么！
收起评论",差评
"景色很美 但景区太不成熟了，从大瀑布景区出发到其他景区的观光车足足让游客在大太阳下等了半小时以上，看上去堪比世博会，路上也是摩肩接踵，没有欣赏美景的心情。观光车上车处没有标明目的地，也没有人在入口处引导，容易让人走冤枉路，稀里糊涂上车之后问司机是否到达天星桥，司机含糊地说下一站，结果下一站直接开出景区到客运站了。对比黄果树，小七孔的景区开发简直完美。
收起评论",差评
不要来。热成狗。上景区车。排队挤在小格子里热到疯魔。,差评
"总体来说，十分失望。虽然是周一去的，但是很多地方十分拥堵，景区内的50元大巴，去时大概排了半小时坐上，因为带小孩子，只去看黄果树大瀑布一个景点，下了大巴，大概走20分钟的样子，便堵在去水帘洞路上一个Y字路口里，各种人挤人，人推人，有往水帘洞进的，有往回走的，还有不知道要干嘛的，各种挤，窄窄的路上根本挪不动地。还不断有一些排了好久水帘洞往回挤的人，问了才知道因为排一两个小时也没进去，的确在那里犹豫了大概二十分钟，往水帘洞方向的确纹丝不动。无奈放弃水帘洞，带着孩子挤出一条缝，直奔大瀑布……因为在路上就看的到大瀑布，所以就是近景和远景差别，没有什么感觉。打算早点回酒店，没想到景区大巴排的上千人，密密麻麻在狭小的候车区等车！基本人贴人，超级闷热不透气，中间有插队往前挤的人，还有黑车司机过来问要不要打车走……闷在那里快两小时，才坐上回程大巴。不知道景区的价格不菲的巴士为什么负荷量这么小，为什么不安排多一些大巴，每次就几辆巴士放行，还要没有座位就等下一辆的，上千人在哪里闷着排着，就不能多派几辆巴士过来接客嘛？！孩子说这里应该评负A景区。另外景区的wifi也从始至终没好用过，想来wifi什么的5A景区标配吧，现在只是形同虚设，景区的管理不善造成很多没有必要的拥堵。龙宫前一天才去过，九寨沟之前也去过，没见过5A景区这么管理的。太不开心的经历！
收起评论",差评
"因为是贵州地区打出来爽爽的贵阳欢迎你吧 景点门票外地人半价优惠活动 在一个这样的周日我还是去了趟黄果树 天星桥人满为患、只顾着看脚下景色没咋看 走了40分钟又热又多人匆匆返回 下一站黄果树大瀑布，大门写着舒适 刚进门是清凉，但是快到了大瀑布哦，厄运来了，窄窄的阶梯，上也上不下，下也下不了。水帘洞排了1个多小时没挪到，期间没看见一个景区管理人员，疏导。只能原路返回 这不是旅游是受罪
收起评论",差评
"我们是早上6点半左右到的白水游客中心，等候免费摆渡车接送到黄果树景区，免费摆渡车大概是7点10分开始发车。景区需要提前1天订票，预约进园时间，我们是约的第一时间段7-10点，一定要订带园内交通的票，不然玩不完。 凭身份证入园，入园时就刷身份证，不知是网络不好还是什么原因，刷了好一会儿，才成功，很多人都没刷成功就往里跑，进去后大家都往园内大巴车乘车点跑，由于比较早也就7点半，这时人还不算多也就200-300人吧，大巴车必须坐着，不能站着，无座的就要下车等下一辆。 由于第一次来，大巴车第一站停在大瀑布，我们就下车了，刷卡入园，看了大瀑布，水汽太大水帘洞没去，乘了单程大扶梯返回园门口，单程30/人。其实不推荐乘扶梯，我们是2位老人实在不想走了。 乘坐大巴车去陡坡塘，看了瀑布，再返回门口，乘大巴车去天星桥，这时大概在10点半左右，这几次乘大巴车还比较顺利基本没排队。 去了天星桥，前面的小半程基本没什么可看的，路窄人多，经常拥堵，老人不方便爬山，就让老人在前半程坐着休息了，后半程是天星洞（钟乳石溶洞）说实话由于前两天去了桂林的芦笛岩和阳朔的银子岩，这个天星洞真的没什么可看的，人很多，路滑，光看脚底下了…… 随后再爬山去银链坠瀑布，由于水很大，看不出银链，也没什么可看的，再爬山走回高老庄附近，接上老人，再走得有1、2km到园区出口，这时排对等大巴车的就得有上万人了，这回摆渡车等了2小时……各种拥挤……各种出汗……唉……这就是5A级景区？ 上车后，再经过大瀑布、陡坡塘看到排队等大巴车的游客也得有上万人……幸好我们来的早，只排了这1个2小时…… 总之：1、得早去！2、先去陡坡塘，看完了不用出来坐大巴车，直接走800m就能去大瀑布。3、天星桥景点距离长，没什么可看的，可去可不去。4、坐上大巴车不到自己的站，就可以一直坐着，不用下去换车。 这个5A级景点真的是无语……并且不适合老人游玩……这一天我到真是把3个景区都去了一遍，应该不会再来了
收起评论",差评
不得不说景区的管理太差了 早上11点到，晚上七点下能回家，中间一个小时看景，其余时间都在排队，并且没有工作人员处理维持秩序，是我去过体验最差的景点了,差评
"久负盛名的黄果树瀑布，从小课本就学过，但是游玩之后确实不怎么样，说实话除了瀑布还壮观以外，其它全是渣，什么天星桥，什么东西就叫景点？装修好一点的酒店也比他好，人为景观不行，自然风光也不行浪费时间！瀑布确实还可以，就是注意防水工作做好
收起评论",差评
"在丰水期二刷黄果树瀑布，两个事情导致体验感极差，看到评论里确实也有一些差评反应这两个事情。 黄果树瀑布景区共有三个景点，景区内不能自驾，乘坐景区大巴往返于三个景点。其中天星桥景区全程走下来超过七公里，一路都是喀斯特地貌中的奇石峡谷瀑布，景色可以，但是走下来基本筋疲力尽了，关键是天星桥景区出口坐摆渡车出景区下车后再到乘坐景区大巴的换乘点还有超级长的一段距离，没有任何景观的路，所有游客拖家带口需要上上下下走半个小时以上。几年前来的时候就发现这段路很长，我和朋友上次走出天星桥景区走了四十分钟，记忆犹新，这一次天星桥景区有了免费摆渡车，但是中间到了一个卖特产的的袖珍商业街就停掉了，所有游客下来自己走到大巴换乘点，其实旁边有公路可以一直开到大巴那里的，偏要游客再走个半个小时，所有人气喘吁吁的在抱怨，这段路走的莫名其妙。 大瀑布那里需要下很多台阶，停车点离大瀑布观景点还是很远，门票一百多的五A景区，这么一段路，又在中间设计了收费的大扶梯，不额外购买扶梯的票，还需要再走二十分钟山路才能看到大瀑布，刚刚从天星桥过来筋疲力尽的我们看到大瀑布就要赶紧走了，已经没有力气再去陡坡塘了。 第二个事情，门口卖票，外地户口半价，但是只能网上买票不能用现金在窗口买实体票，说因为票卖完了，卖的是其他游客的网络退票（这个逻辑也是很迷，网络退票不也是你系统里的剩余可销售门票么），售票窗口不给卖实体票，网上买票流程又比较复杂，游客很蒙，卖票效率极低，一大堆游客堵在那里，问了门口一个小主管模样的男性工作人员，他不耐烦的对我说，这么多人你找我问干嘛，没看我很忙么，我们和他吼起来，才有另外的人来帮忙指导网上怎么买半价票。 这是我第二次来黄果树瀑布，这是一个5A景区，去过那么多5A景区了从来没有过不愉快，这样的景区设计和管理水平实在是需要改进，游览线路的设计对老人和孩子极度不友好，玩下来比爬山还累。
收起评论",差评
怎么只写了青岛居民的享受优惠，其他的没有？要怎么买票？,差评
"上个月月中过来的，刚好在搞活动，贵州所有景点门票半价！不过我觉得黄果树瀑布有点坑吧，买票除了老人其他不能人工售票，需要扫码微信购票，这样办事效率太低不说，购票居然还强加附带一个什么景区的，多收费20块钱，而这个景区还没法去，简直就是打劫嘛！对此我只给2颗?，虽说瀑布景色还不错，但是真大部分五a景区的标准！除了大瀑布以外，天星桥景色一般，陡坡塘还可以，就是十来分钟游览完了。主要是天星桥比较花时间！
收起评论",差评
我怎么在这买不了门票呢？都是针对青岛的怎么回事,差评
"【安顺·黄果树瀑布】 被景区的王霸政策惊呆了。 今日计划本是徒步游览景区，结果发现根本就没有供游客行走的条件，换句话说，不坐景区观光车根本就别想看见黄果树。赤裸裸的耍流氓呀。 给黄果树瀑布景区管理者一个大大差评。 ? 今日最佳是由于不愿意被霸王条款限制，而试图从陡坡塘步行前往大瀑布的途中，偶然走到了黄果树瀑布的顶上。原来，瀑布变成瀑布之前，可以这么安逸的。
收起评论",差评
"黄果树景区分为三大块，分别是黄果树大瀑布、天星桥和陡坡塘。当地人这么形容，玩在天星桥，看在大瀑布。 景区人多不好买票，找的当地的车，整个景区实行单行道，师傅一般都是建议先玩天星桥，再玩大瀑布和陡坡塘。建议起早些不用太挤。 可能是四川的山水看多了，整个景区的吸引力不是很大，银链坠潭瀑布，感受还是很壮观的；水帘洞有点失望。
收起评论",差评
网上订票和假的一样 怎么都订不上 还是要去当地买 差差差,差评
"平心而论，5A景区真是不咋地 首先说购票系统，景区设了购票点，可是到了之后没法买票，一律要网上买，所以要去的一定要网上先买票。然后呢，网上购票分时段，我们到现场后所有时段正常票都显示票量为0，但是呢，你也是可以买的，就是买套票，再加一个别的景区，然后同一时段原本为0瞬间就有几百张票了，我就呵呵了。 再来说景区，大家都知道黄果树瀑布中国第一，都想去看看，这个没问题，强烈建议带娃和老人的，直接去大瀑布，其他两个点直接忽略，去了就是跟着人群走，路上的风景也没什么特点，反正我们是没有坚持到银链坠瀑布，因为走到高老庄实在是把所有的期待都耗完了。 算了，我啥也不说了，心累。
收起评论",差评
"可能我们来的不是时候吧，瀑布水很黄，风景很一般，就是一个大型公园那样。三大景区，大瀑布、陡坡塘、天星桥，我们只去了前面两个，花了两三个小时，已经累到不行。 景区的门票好贵，还有观光车票也得买，观光车得坐满才发车。又热又累啊～
收起评论",差评
"对整个贵州旅行的好心情，全毁在这里了。一早七点到了候车区，居然无人引导，说是首班七点，等了很久才和景区工作人员一齐上车，一路没有任何提示，如果不多问一下，都不知该去哪里。。。。？在景区询问工作人员，保洁，保安，都像是视听障碍者。满脸的茫然，多搭一句话都很烦。出景区全是购物长廊，大家走了一天，景区太缺人性化服务，如果能看宣传片就千万别去，除了悔就缺恨了。要反思！！！
收起评论",差评
"一言难尽的黄果树… 真的非常非常非常一般… 因为怀孕没去天心桥，同行的人去了后说根本没桥，就是踩的那下面全是地下河…略坑！ 黄果树瀑布也很小…略遗憾的是老公担心我不安全没爬水帘洞去看看，上去了的说是一条仅一人通过的道路，提醒大家上去的话一定带伞喔！
收起评论",差评
垃圾管理 景区巴士分流根本不提前说 和团队整个分离，五一本来就挤 ，还发生这种事情,差评
"五一节临时起意来了黄果树大瀑布，人很多。 1.自驾车不能开上去，只能停在下面，然后乖乖去坐观光巴士。 2.千万不要买210的门票+车票！真的很坑。五一人多，身份证识别系统根本是摆设。我们这次去唯一就是天星桥那里识别了身份证，买160的完全够了。大众点评上可以直接买票然后刷身份证进去，不用去排队。 3.天星桥没有什么很特别的景…就是有个小瀑布还算可以，但是希望游客提高素质，不要往里面扔垃圾了，漩涡中间还有塑料瓶，工作人员本来捡垃圾也挺危险的。 4.从天星桥出来的那个索道，如果人多的话建议不坐了，走路也就700m，排队等索道的时间还不如走路了。 5.穿双好走又防水的鞋吧。还记得带把伞?? 6.大瀑布和水帘洞挺震撼的，时间紧建议只去看大瀑布和水帘洞就够了。整个天星桥?大瀑布，需要留出一天的时间，半天很匆忙。 7.大瀑布出来我们坐的大扶梯到的出口，因为实在是走不动了，30块虽然很坑，但是建议大家回程坐大扶梯。 8.主要的时间耗在都在等车等人过上面 我们先去的天星桥然后去的大瀑布。去大瀑布的时候已经是6点过了，进门入口关门了，去水帘洞也挺晚的了，所以没什么人，看了不错的瀑布风景，还挺幸运的。但是不建议大家节假日去，人太多。并且我们去晚了虽然看到了很好看的景，但是暴走一天下来非常累。
收起评论",差评
淡季人也特别多，建议不要去水量太小瀑布没有那种气势磅礴的感觉，千万不要跟团，可以选择大巴前往,差评
水不大，有些景区没开水帘洞都没看过,差评
"有名的国内瀑布景点，小学课本上就有。 其实来了以后你就会发现景色也就那样吧，只是瀑布群比较多，最多的还是游客，人挤人我去的时候还是淡季，旅游感受不怎么样，到处都是人想离近一点观赏是需要力气的。 景点内有吃饭的地方不过建议还是别去吃了，不宗不说还贵。
收起评论",差评
"黄果树瀑布 景点位于贵州省安顺市。 去年国庆的时候去的，去之前被各种美景吸引，所以休假的时候选择贵州去看看大自然的风景，在当地吃饭的时候听到老板讲贵州的很多风景都是大自然形成的没有经过人工的修饰，听完内心已经蠢蠢欲动了。 第二天一早去到景点，景点分三个，黄果树瀑布、天仙桥、陡坡塘、分别坐三次车，一次性收费。 前面两个景区是天仙桥和陡坡塘，个人觉得没有什么特色，而且很多景点都有的风景，所以休闲和洗肺。 最后一个景点黄果树瀑布，抱着很大的期望，到了之后说实话内心真的无感，瀑布真不大，景色也没有特色，真心觉得不好玩，不知道是不是季节不对，然后水很小的原因，超级无语。
收起评论",差评
"1.免票区未给免票，要看户口，真是奇了怪。 2.景区系公共场合，应当在明显位置悬挂禁止吸烟的标志，当有游客吸烟时应当予以劝导。同时，黄果树瀑布在山林之中，防火等级理应更高才对。这些通通都没做到，而大理苍山火灾仍历历在目。 3.观光车司机太双标了吧。前面刚说完车内不能饮食。后面直接开始接打电话，真的是打扰了。
收起评论",差评
"二刷黄果树。 16年的夏天曾来过。那时对黄果树景区售票处的工作人员不是很满意。没想到两年后重游旧地，工作人员基本都不咋地了。 去的那天人超级多，还有很多黄牛一直在售票处周围转悠，让我们跟他们私人车，但是人多包车还算好，人少真没意思，贵，还没有保障。 买了车票，到排队上车的地方也没人检票。那就是说有人混进去也可以咯？ 三个景区人多的快发生踩踏事故了。也没工作人员维持秩序，任你推我搡。 景区竖了牌子让不要抽烟，外地游客无视牌子抽烟，景区工作人员不但视而不见，而且自己还抽的起劲。万一森林着火怎么办？！多么可怕的事！黄果树的空气和树木迟早被人为破坏得一干二净。 黄果树水帘洞那块排队很长，大约两小时才轮到我们，好多身手矫健的游客就在队伍上方的山体高空翻越，也没工作人员来制止。我大概知道景区竖牌子让游客不要翻越的目的了…我泱泱华夏，多的是会飞檐走壁之人，高手在民间???????? 差点忘了，大众点评上写的停车场免费其实是需要收10元停车费的。走的时候收。
收起评论",差评
"单从景色来说，黄果树景区绝对是一个值得到5个星的风景区。扣掉的三个星完全是给贵州的旅游管理部门，一到旅游区门口就有一群当地人问你需不需要带路，非常的危险。 虽然我没有着他们的道，但是据遭了的人说50块只是停车费，把你带到大瀑布下面停了其他的就得靠你自己走路了，当然还要收你的带路费。 去的朋友一定走进售票大厅，门票150，观光车50，停车场开不开的进去都要先试试，不要信当地任何人说得话。 我当然没着烧，因为我有大众点评！
收起评论",差评
反正我把你钱收了景区，管理极其混乱，一次出魂。,差评
坚决不给一颗星。这景区真TMD太乱了！附近居民靠着景区发财，周边交通一片混乱！一条小路出景区都要一个多小时！再也不会来！,差评
"一行几人，回想小学读书课文，看啦网上评价一般，两次路过还是下去看看把，下高速按照导航，交通瘫痪，无人管，路边都是拉客居民，随后按照导航去停车场，结果竟然是出口，警察拒绝进入。。。。决定走人。。。。快到告诉路口一个美女拦住说可以走近路进去，结果啊。。。。。乡路，狭窄，拥堵，逆行，一个小时走啦不到一公里，停车要五十元。。。。。还要走一公里，决定不去了，。。。。往回走，交通也瘫痪，经常坐着或者站着，对面前的拥堵视而不见，我一路组织交通快两公里，各种逆行，司机拉客，居民拉客。。。。就是你再好，我们也不来啦??
收起评论",差评
太差，到门口了，告诉进不去！非常不满意,差评
"黄果树大瀑布，大概是中国人从小听到大的著名旅游景点了吧，感觉跟长城是一个等级的了。本宝宝终于来打卡了，也是不容易。瀑布本身还是不错的，很震撼、很有感觉的，就是略有点远，遗憾没有近距离感受下他的威力。但是这个景区的管理绝对有很大的问题，贵州整体的旅游管理水平就偏低，这家是极差，人流很乱，野导游遍地，居然还动用了武警荷枪实弹的维持秩序，感觉真是太糟糕了。
收起评论",差评
这是俗称亚洲第一大瀑布吗？实在大失所望，一点都不壮观，果然图片上都是骗人的，实在名不副其实，价格一点都不值。,差评
"贵州旅游真的是绝了！配套太差！一个5a级景区居然没有直达市区的班车。所有车都是直接叫价！从黄果树到天星桥就3.8公里居然50块钱一个人。这是明抢吗？走的时候直接打车从黄果树到安顺，亲耳听见200块的车要分给景区100块。 “穷山恶水出刁民”这几个字送给贵州！！！
收起评论",差评
"一到牌坊，打的去酒店，的士要价50元，导航3公里被说成10公里，第一印象差评，早上吃面条，店家直接拿碗筷子尝咸淡，碗筷子没换直接端上来，立马恶心，卫生意识差，直接丢钱不吃。另外景点其实很一般，配套服务差，差评。
收起评论",差评
最差的体验！再也不会来！各种停车乱收费，没有指示牌，交通堵塞也没有交警,差评
人流量太大，太大，太大，非常拥挤!景区垃圾很多!没想象的那么好玩,差评
"人多，做个观光车排队两个小时。关键是出了个瀑布没有什么看的。瀑布前面全是人。拍照都是排队，拍完赶紧走。观光车一人50，不在180门票里包含。不坐观光车走路实在太远根本不行。景区内没有指示，不知道下一个景区在哪。
收起评论",差评
"8月3日从贵阳早上7点出发去黄果树瀑布，9点钟按照导航到的景区，路边的警察说只能在服务大厅取票，结果取完票等进景区的观光大巴，足足排队等了1个小时，因为黄果树景区有3个独立的景区，之间都比较远，只要是坐观光车就需要排队，几个瀑布前也全是人，真是不太愉快的旅游体验，最后还下了一场大雨，只想赶快逃离这里。
收起评论",差评
"老爸两年前来过，当时还是分瀑布上和瀑布下，瀑布上没什么可看，主要游览瀑布下，门票记不清了，反正不超过五十。 此行来到他熟悉的入口，被告知这里只能出不能进，入口要回到高速出口直行。回去之后，一路倒是指示清晰，隔离栏杆直接把自驾车辆导进停车场，停车场收费10元且有时间限制。 停车场里面就有售票处，经查，黄果树景区门票单人180，不含交通车费，交通车需另付50每人，要知道我们从外围绕路一趟也才花了不到10分钟，这个车费真心接受不能。 全家人一致觉得不想进去了┐（─__─）┌不知道这里面有什么利益勾结，但如此剧烈的涨费，就是个金瀑布也没什么好看了。如上，决定差评 另：图片是黄果树附近一个未开发的瀑布及武隆天坑的两个瀑布，要壮观有壮观要灵秀有灵秀，不知道黄果树景区是膨胀成什么样才觉得非他不可。
收起评论",差评
人是真心多，去程光大巴排队2小时，回程再两小时，还暴雨，看瀑布5分钟，真心不会再来,差评
明明是四川的，为什么不能享受优惠,差评
黄果树瀑布是这次在贵州旅游的景点中最不满意的一个。景区风景真的是不错，尤其最近雨水多，瀑布很壮观。但景区管理很差，让人觉得不方便。,差评
"贵州，黄果树瀑布，慕名而来，败兴而归！景区管理相当混乱，管理一点都不人性化，而且整个员工队伍培训不到位，混饭吃的太多！景区管理差，不限流，三个景区通票不分流，管理人员少，管理标志不明显，没有禁烟标记，厕所少的可怜。人多的无法想象，一直排队，景没看什么就看人了，关键还不能掉头回去，要一路走到底。景区外三四公里的就不允许私家车进入了，我们是多花了150元的黑车才出的景区，景区一人50元的短驳大巴起码要排上2小时。一个多年5A景区，游客还需要黑车才能出景区，没有这样的接待能力就不要卖那么多票让游客进去好吗？游客不是进去看人排队的。运力不足就不要卖那么多观光大巴票好吗？黄果树就是个不来遗憾，来了更后悔的景区！
收起评论",差评
管理混乱，服务配套超差，与5A级景区不匹配。,差评
"从黄果树瀑布回来已经二十多天了，想起这段经历依然很气。仰慕已久的黄果树瀑布，我们四点多就起来，六点不到到达售票大厅，已经跟菜市场一样喧闹了。没有什么维持秩序的工作人员，现场非常乱，问谁找不到人，第一次看到这么烂的5A级景区售票点。经历将近一个小时的排队终于进去了，可能只是噩梦的开始。到达大瀑布景区，人已经超过景区荷载，暴雨将至空气本来就很闷，人挤人，没有任何管理秩序的工作人员，全程就是游客人挤人，一分钟可能走四个台阶的频率，艰难地挤下去。刚到大瀑布又是一场暴雨，无处可躲，上下山都只有一条路，几千人从这一条路上下，可想而知有多挤！浑身淋湿而且不断被前后人的伞戳中，乱的像逃难的人群。 总之，景区景色还凑合，景区内服务和各种体验倒给我钱我都不会来！还180的票价，真的坑！
收起评论",差评
"在网上订购的十省优惠的半价票90，进门直接刷身份证就够了，不用取票，但是不包含观光50，如果需要观光另外买票，我们是早上十点多到达的景区，人多的要死，观光排队也多，现在陡坡花了一个小时，真的没有什么可看的，不建议去，天星桥花了三个小时走路，脚都断了，也没有什么可看的，最后一个去看大瀑布，说实话全是人也就那样吧，所以如果你一进去就先去瀑布看看吧，不然你是没有精力的，留着精力看瀑布，我们就是没有精力了，花了50块钱做扶梯，50啊，我们大重庆的扶梯也就2块钱，2块钱，我tm 花了50去坐扶梯，你们一定要好好感受这50块钱，如果你还精力旺盛，那就走路吧！三个小时，不建议老人和小孩来，吃不消。总共这一个景区一个人就花了270，真的觉得不值得走了几个小时就几张美照。扎心了
收起评论",差评
"真的不怎么样 景区特别坑啊 从高铁站到景区坐车30块 然后是180块的门票不包括观光车的费用。观光车50块排队的人还特别特别的多简直是绝望，每个景点人都特别多 完全是看人头 各种味道都有要吐了。在天星桥走了三个小时脚都肿了 去黄果树瀑布的时候坐的扶梯50块 如果不坐扶梯要走两个小时！！！特别是每个景点出来都要走500米的商品店！！！无语了
收起评论",差评
"管理混乱，没有秩序，心情全无！ 景区为什么不好好搞搞限流！ 上来和下去的人走同一条路 排队等车随意插队 去水帘洞的路根本不知道有多可怕 这种地方严重存在安全隐患 应该要好好整治 出来玩不是受罪而是要享受 这是我见过最混乱的景区没有之一！！！
收起评论",差评
"黄果树瀑布还不错，不过整个景区是三个景点，整体上来讲，是我经历过体验最差的经历。人非常多，没有限流，管理混乱，景区之内只能乘坐大巴车，且毫无秩序。天星桥景区内部道路狭窄，竟然能堵的走不动路，想来的看图，请慎重…
收起评论",差评
真的再也不想去了，星期一人都多的不得了,差评
"景是好景，汛期水也够大，但是整个景区管理太混乱！！！从排队停车到排队大巴再到四处找取票口和排队检票简直可以说是垃圾中的战斗机！ 景区停车场不让停车，拦路让去私人停车场，为了避免大巴排队，各种黑车司机漫天要价，还必须在人家开的农家乐吃一顿才行！完全形成了一条产业链！ 接待能力有限最好就做限流，人挤人、路又滑、太不安全！
收起评论",差评
"我是来吐槽一下的。去年去的黄果树瀑布，是源于小学课本上对大瀑布的描写。其实千里迢迢赶过来，我真的只是想看一下大瀑布。 好吧，买票了发现是个联票，一共三站，大瀑布在最后一站，而且远的必须买景区交通。门票180，景区交通50吧好像。这本来就是一个自然的景观，被圈起来收钱好像票价略高了。 第一第二个景观没啥看的，人特别多特别挤。到了第三个黄果树大瀑布了，先要路过盆景展，然后会告诉你爬阶梯非常累，坐一个什么观光电梯什么的，70块。 当然大瀑布好不好看水量多不多不是我们能控制的，它再不好看也是声名在外的大瀑布，这个不吐槽不评价。 总之这个景点算是比较坑的了。
收起评论",差评
"一直慕名去的地方，为了能带上小孩选择暑假去，但是非常的失望，到大巴下车排队候车去景区的区间车居然足足的1个半小时，天气又热，又没秩序，心凉半截，玩完一个景点到下一个景点又要排队候车，那个人山人海，看看就怕，于是自己又花钱坐出租车，因为排队人比较少，但是按人头50元一个人，为了能不排队，花钱也无所谓，你去想一下人贴人慢挪闷热的日子吧，景色虽好，但是中国人太多了，想照张没有旁人的照也不容易，孩子们都有阴影了，再也不会来这个鬼地方了
收起评论",差评
"第二次过来黄果树瀑布景区，以前来不是放假期间，人很多，现在有十省优惠政策，更加多人！ 比较好的就是60岁老人和1.4米以下小孩免票。 两星是给瀑布的，其他真是差!管理混乱，人多不限流，景区里面的厕所环境非常差，高速公路的厕所都比这里干净整洁。排队没有秩序，也没有工作人员管理。售票窗口就那么两个破落小窗户。 做为一个国家5A景区，钱赚不少，管理上一点都不到位!可惜了那么好的一个景点!
收起评论",差评
管理很混乱，景区内没有工作人员疏导，各种堵，门票180景区内的路只能供俩人过，而且劳动午报上明确指出教师资格证可以半价，工作人员态度恶劣，就是没有。,差评
我只想问，打分系统怎么没有负分？ 黄果树的景区管理简直是乱七八糟，景区外面全是些骗子，没有太多标识，三个景点分开的，还要在外面坐大巴，人也爆多，看景两分钟，等车两小时，再也不想去了！,差评
"敢不敢管理这么差！ 安顺高铁站没有过去的车，只能拼车，回来在黄果树客运站有到高铁站的大巴，问了说是高铁站买票了大巴可以去接，问题是高铁站的客运站压根没使用好吗？怎么买票，怎么来接？ 游客中心非常旧和乱，观光车排队简直是灾难，每一次都是半小时以上，管理非常无序，暴晒在太阳下，游客挤在一起难受极了。 本来时间不够想先去大瀑布，二话不说直接拉去天星桥，根本不能自己选择。天星桥前半段都极窄，排队通过，毫无乐趣。 大瀑布更是水泄不通，在人群中看不到天空了。 黄果树瀑布很壮观，但中途我真想插上竹蜻蜓飞走了 景区管理太太太乱来了！！！承载力不足，黑车横行，多的吐槽不完啊！ 千万不要暑假旺季来，还不如在家睡大觉。贵州旅行根本就不是便民，就看怎么坑你。最糟糕的一次出行体验。
收起评论",差评
