no,review,score
1,"['达康', '书记', '的', '脸配', '上', '陈萍萍', '的', '名字', '，', '有种', '莫名', '的', '喜感', '。']",0
2,"['这剧', '真是', '超', '豪华', '阵容', '呀', '，', '想', '看', '陈道明', '和', '张若昀', '的', '父子', '大戏', '，', '很', '喜欢', '达康', '书记', '演', '的', '陈萍萍', '。']",30
3,"['过审', '鬼才', '。']",0
4,"['服道化', 'low', '如于', '妈', '制作', '的', '雷剧', ' ', '张若昀', '也', '是', '丑', '的', '没', '眼看']",0
5,"['终于', '开播', '了', '，', '就', '冲', '这', '演员阵容', '不看', '真的', '可惜', '，', '陈道明', '，', '吴刚', '…', '…', '虽然', '我', '没', '看过', '小说', '但', '超级', '期待', '，', '听说', '郭', '麒麟', '超', '搞笑', '的', '，', '李沁', '也', '超美', '，', '希望', '剧情', '让', '我', '这个', '观众', '也', '能', '好', '嗑', '一点', '，', '追', '！']",0
6,"['没有', '理由', '不', '关注', '这部', '剧', '，', '毕竟', '这', '曾经', '是', '我', '最', '当年', '喜欢', '的', '小说', '之一', '。', '对于', '“', '史上', '最大', '反派', '”', '的', '庆帝', '由', '陈道明', '来', '演会', '感觉', '莫名', '的', '认可', '。', '当然', '，', '前段时间', '张若昀', '的', '整体', '表现', '也', '不错', '，', '希望', '这次', '会', '有', '带来', '更', '多', '的', '惊喜', '，', '毕竟', '庆', '余年', '这部', '剧', '来说', '，', '关注度', '太高', '了', '。', '恩恩', '，', '卡司', '阵容', '超', '强大', '啊', '！', '编剧', '王倦', '大大', '威武', '！', '！']",31.5
7,"['上学', '时候', '追书', '追', '的', '天昏地暗', '，', '这么', '多年', '终于', '拍成', '了', '电视剧', '，', '算是', '有生之年', '系列', '。', '开头', '改编', '部分', '能', '接受', '，', '不得不', '说', '小范', '闲给', '这', '剧增', '色', '不少', '，', '希望', '他', '不要', '那么', '快', '长大', '（', '虽然', '知道', '不', '可能', '）', '，', '让', '我', '多', '看', '一会儿', '…', 'ps', '：', '就', '喜欢', '腾讯', '的', '不准', '时']",-10.5
8,"['感觉', '有些', '意思', '呀', '，', '第一集', '看着', '还', '挺', '好入', '戏', '的', '，', '吴刚', '的', '陈萍萍', '造型', '太酷', '了', '吧', '，', '感觉', '后面', '会', '很', '精彩']",1.75
9,"['带', '着', '镣铐', '能', '把', '舞', '跳', '这么', '好', '我', '是', '很服', '的', '，', '开头', '的', '穿越', '设定', '很', '惊艳', '，', '第一集', '这个', '还原', '度', '真心', '没得说', '，', '小范', '闲人', '畜', '无害', '的', '笑', '我', '可', '太', '喜欢', '了', '，', '必须', '五星', '好评', '走', '起来', '，', '等', '一手', '我', '最', '爱', '的', '大', '东山', '之战', '~']",61
10,"['穿越', '的', '剧情', '设置', '得', '很', '巧妙', '，', '全员', '演技', '在线', '，', '搞笑', '的', '梗', '也', '很多', '。']",10
11,"['终于', '等到', '正片', '播', '了', '，', '王倦', '和', '猫腻', '的', '剧本', '不多', '说', '了', '台词', '细节', '太好了', '，', '权谋', '后面', '剧情', '应该', '会', '更', '精彩', '。', '陈道明', '和', '吴刚', '，', '演技', '真的', '绝', '了', '，', '但是', '陈萍萍', '这个', '名字', '故意', '的', '吧', '配上', '达康', '书记', '太', '好笑', '了', '哈哈哈']",6
12,"['原著', '真心', '精彩', '，', '无论是', '人物', '塑造', '还是', '对', '权谋', '的', '描绘', '，', '剧版', '阵容', '不错', '，', '配角', '挺强', '的', '，', '不过', '最', '吸引', '我', '的', '还是', '故事', '主线', '的', '设定', '，', '会', '继续', '追下去', '。']",22
13,"['期待', '很', '久', '终于', '播出', '。', '张若昀', '古装', '少见', '，', '现在', '看来', '还', '不错', '。', '李沁好', '美', '，', '人设', '也', '合适', '。', '配角', '阵容强大', '，', '陈道明', '吴刚', '戏骨', '加盟', '，', '还有', '李小冉', '宋轶', '李纯', '辛芷蕾', '王阳', '于小伟', '佟梦实', '张昊', '唯肖', '战', '。', '抛开', '略显', '浮夸', '的', '穿越', '设定', '，', '后续', '剧情', '挺', '有意思', '。', '原音', '好评', '，', '制作', '可以', '，', '片头', '不错', '。', '猫腻', '原著', '，', '王倦', '编剧', '，', '还原', '度', '在', '合理', '范围', '内', '，', '剧情', '基本', '在线', '。', '四星', '待定', '看', '后续', '。']",6.5
14,"['看', '了', '几集', '，', '不是', '小说', '党', '，', '可圈可点', '，', '简直', '被', '范思辙', '小可爱', '迷倒', '了', '。', '男主', '绝对', '的', '演技', '在线', '，', '各种', '戏骨', '都', '在线', '。', '说实话', '，', '真的', '比', '之前', '的', '择', '天记', '之类', '的', '感观', '好太多', '，', '之前', '的', '都', '看不下去', '，', '太', '尴尬', '了', '。', '我', '强烈建议', '一周', '多', '更新', '几集', '，', '实在', '太少', '了', '。', '?']",-5
15,"['感谢', '盗梦', '观影', '团', '，', '有幸', '提前', '观看', '了', '这部', '剧', '的', '前', '三集', '，', '感觉', '是', '非常', '好', '的', '一部', '电视剧', '，', '看前', '三集', '的', '质量', '以及', '演员阵容', '，', '预计', '又', '是', '一部', '国民', '剧', '。', '第一集', '印象', '很', '深刻', '，', '小演员', '的', '表演', '很', '出彩', '，', '笑点', '非常', '多', '，', '后面', '李沁', '的', '出场', '第一幕', '有点', '尬', '，', '后面', '还是', '很', '美的', '，', '一定', '会', '继续', '追', '的', '，', '近期', '难得', '的', '好剧']",39
16,"['我', '哭', '着', '说', '王倦', '牛', '逼', '！', '！', '！', '！', '第一集', '就', '这么', '好看', '！', '！', '光是', '剧情', '铺垫', '部分', '就', '这么', '多笑点', '，', '人物', '也', '变得', '更', '鲜活', '了', '！', '！', '倦', '，', '国产', '剧有', '你', '了不起', '！', '！']",20
17,"['一部', '不错', '的', '网络小说', '加上', '王倦', '大神', '的', '编剧', '，', '看到', '目前为止', '还是', '不错', '的', '，', '希望', '接下来', '不要', '水', '。']",6
18,"['王倦', '可', '，', '男主太', '差劲', '了', '，', '长得', '蛮', '难看', '的', '，', '演技', '也', '不好', '。']",-15.5
19,"['剧情', ' ', '细节', ' ', '注定', '也', '只能', '当个', '网剧', '了', ' ', '白', '瞎', '了', '我', '的', '陈道明', '吴刚']",0
20,"['第一集', '开头', '镜头', '看着', '头晕', '，', '张若昀', '演技', 'emmm', '，', '不太想', '继续', '看', '下去', '，', '一星', '给', '王倦', '大大', '，', '一星', '给', '老戏骨']",0
21,"['又', '见', '莫名其妙', '不知所云', '的', '装', 'x', '，', '这次', '还', '硬', '要', '莫名其妙', '的', '搞笑', '。', '以及', '，', '男主', '真的', '完全', '不', '在', '我', '的', '审美', '里']",-27.5
22,"['冲着', '不少', '老戏骨', '而', '来', '，', '然而', '第一集', '看', '完', '却', '大失所望', '。', '。', '。', '以为', '是', '正剧', '没想到', '是', '爽文', '―', '―', '爽', '就', '完事', '了', '？', '不', '相信', '陈道明', '和', '吴刚', '会', '出演', '这样', '的', '电视剧', '。', '所以', '会', '继续', '蹲', '着', '，', '根据', '后续', '剧情', '更改', '分数']",-7
23,"['剧情', '、', '基调', '、', '节奏', '超', '奇怪', '，', '看', '得', '难受', '，', '不是', '烂', '，', '是', '奇怪', '，', '真的', '很', '奇怪', '。']",0
24,"['整个', '剧', '的', '节奏', '太差', '了', ' ', '搞笑', '的', '地方', '太', '刻意', ' ', '煽情', '的', '地方', '又', '太', '做作', ' ', '佟梦', '实演', '的', '五竹', '是', '最大', '的', '败笔', '。', '对', '这个', '剧', '唯一', '的', '期待', '就是', ' ', '这', '世界', '上', '还有', '没有', '连', '陈道明', '+', '吴刚', '都', '救', '不', '回来', '的', '剧', '。']",-28
25,"['IP', '小说', '真的', '改编', '才', '是', '作品', '最大', '的', '立足点', '，', '否则', '不管', '多少', '戏骨', '和', '好', '演员', '都', '白搭', '。', '看', '完', '两集', '我', '要', '退', '了', '。']",-2
26,"['张若昀', '的', '面瘫', '脸', ' ', '负分']",0
27,"['很', '尴尬']",0
28,"['拖沓', '+', '男主丑']",0
29,"['可能', '是', '期望', '太大', '了', '，', '有', '的', '故事', '确实', '不', '适合', '影视', '化', '。', '而且', '很烦', '弹幕', '里', '一直', '刷', '肖战', '的']",10
30,"['剧荒', '去', '看', '了', '看', '，', '真的', '看不下去', '，', '男主', '真的', '不', '适合', '古装剧']",0
31,"['第一集', '全都', '不', '对', '：', '不要', '说五竹', '的', '冷酷', '被', '演成', '呆滞', '，', '费介', '没有', '了', '狡猾', '只', '剩下', '猥琐', '，', '奶奶', '的', '精明', '基本', '只浮', '在', '水面', '。', '立', '不', '起来', '的', '人物', '，', '导致', '主角', '和', '周遭', '人', '的', '情感', '纽带', '完全', '是', '强行', '连接', '。', '牺牲', '掉', '故事', '的', '逻辑性', '只为', '男主', '尽快', '成人', '进入', '主线', '，', '这种', '改编', '我', '接受', '不了', '。']",-16
32,"['本来', '不', '打算', '看', '的', '，', '张若昀', '的', '古装', '实在', '颜值', '欠缺', '，', '奈何', '剧情', '一流', '，', '他', '本身', '演技', '不错', '，', '角色', '还', '算', '成功', '。', '这部', '剧', '应该', '算是', '今年', '我', '唯一', '想', '打', '5', '星', '的', '古装', '。', '导演', '是从', '哪里找', '来', '这么', '多', '好戏', '之', '人', '？', '且不说', '幕后', '没', '一处', '掉', '链子', '，', '剪接', '出色', '，', '连', '丫鬟', '奴仆', '都', '恰如其分', '没有', '呆滞', '之感', '可谓', '相当', '难得', '。', '喜剧', '的', '部分', '基本', '集中', '在', '张若昀', '他们', '京都', '范家', '身上', '，', '第', '4', '集里', '接风', '的', '鸿门宴', '里', '，', '全家', '个个', '戏精', '，', '跟', '狐狸', '窝', '没差', '了', '。', '陈道明', '那边', '的', '朝廷', '戏', '俨然', '正剧', '范儿', '，', '大气', '十足', '，', '张弛', '有度', '，', '无论是', '陈道明', '还是', '李小冉', '，', '都', '把', '后宫', '的', '权谋', '跟', '皇家', '气度', '一一', '展露', '。', '可惜', '了', '，', '这部', '剧', '的', '质量', '应该', '上星']",1.5
33,"['太差', '了', '吧', '。']",-5
34,"['稀奇古怪', '的', '节奏', '，', '莫名其妙', '的', '台词', '，', '还', '真', '挺', '与众不同', '的', '…', '…']",-5
35,"['吐', '了', '，', '这', '什么', '剧情', '和', '台词', '啊', '，', '前言不搭后语', '，', '这五竹', '蒙着', '眼睛', '什么', '都', '能', '看见', '啊', '，', '等', '着', '看', '李沁', '吧']",-3
36,"['男主角', '是', '关系户', '吧', '，', '演技', '也', '太', '尴尬', '了']",0
37,"['男女', '主选', '的', '真辣鸡']",0
38,"['之前', '参加', '过', '提前', '观影', '活动', '，', '因为', '特殊', '原因', '没有', '看', '完', '，', '一直', '很', '喜欢', '陈道明', '，', '会', '继续', '追', '的', '，', '我', '不管', '我', '就要', '给', '满分', '。']",37
39,"['穿越', '题材', '，', '拍', '的', '很', '差', '，', '男主', '又', '丑', '。', '开', '了', '弹幕', '两分钟', '，', '好多', '肖战', '的', '粉丝', '…', '…', '两集', '弃剧']",-6
40,"['男主丑', '到', '吓人', '居然', '演美', '男', '，', '没有', '自知之明', '么', '？', '男频', '文改', '编剧', '还是', '这么', '难看', '，', '能', '不能不', '拍', '了']",-5
41,"['范闲', '这个', '男主角', '看起来', '是', '个', '传奇人物', '啊', '，', '剧情', '没有', '一点', '画蛇添足', '的', '剥离', '感', '，', '很', '紧凑', '很', '精彩', '，', '也', '很', '轻快', '，', '能', '让', '我', '欢快', '的', '笑', '，', '期待', '后面', '的', '大戏', '。']",25.5
42,"['张若均', '被', '一', '孩子', '演技', '秒杀', '了']",0
43,"['范闲', '演技', '跟', '面瘫', '一样', '，', '剧情', '跟', '原著', '差', '了', '十万八千里', '，', '庆帝', '到头来', '变成', '了', '康熙', '。']",-3
44,"['emm', '…', '…', '这部', '剧', '究竟', '要', '讲', '啥']",0
45,"['开头', '几分钟', '拍', '的', '什么', '玩意', ' ', '服装', '都', '是', '仓库', '里', '拿来', '直接', '用', '的', '吗', ' ', '质感', '完全', '没有', ' ', '摄影', '也', '是', '一塌糊涂', '莫名其妙']",-32
46,"['看', '得', '好好', '的', '突然', '冒', '出个', '机器猫', '、', '额头', '亲吻', '…', '…', '太', '破坏', '古装', '的', '意境', '了', '！', '剧情', '沙雕', '不说', '，', '一个个', '实力派', '演员', '竟然', '用力', '过猛', '演技', '浮夸', '，', '让', '人', '不能', '直视', '…', '…']",-3
47,"['low', '剧', '，', '可惜', '了', '这', '云集', '的', '大', '咖', '！']",0
48,"['别吹大', '制作', '了', '，', '节奏', '也', '太慢', '了', '，', '哪个', '编剧', '啊', '这么', '磨叽']",0
49,"['不', '可以', '。', '直观', '的', '感受', '，', '这个', '网文', '改编', '的', '梗', '很烂', '，', '穿越', '用', '不好', '就', '别用', '。', '深刻', '的', '感受', '，', '范闲', '从来不', '是', '一个', '浩然正气', '，', '热血', '少年', '。', '预告', '的', '关键词', '太', '令人', '失望', '了', '。']",2
50,"['为什么', '总', '。', '。', '。', '感觉', '不对劲']",0
51,"['非常', '非常', '的', '失望', '，', '毫不客气', '的', '说', '非常', '难看', '，', '纯属', '就是', '流水账', '，', '而且', '演技', '啥', '也', '不是']",-20
52,"['刚', '温习', '了', '三国', '，', '对比', '之下', '打', '了', '一星', '，', '已', '不能', '忍受', '主角', '光环', '耀眼', '的', '独角戏', '，', '气愤', '这么', '多', '的', '资源', '堆砌', '在', '这类', '架空', '历史剧', '中']",0
53,"['对白', '很烂', '，', '纯靠', '老戏骨', '撑', '，', '剧情', '俗套', '，', '老戏骨', '也', '救', '不下']",-5
54,"['看', '了', '一集', '无感', '。', '。', '。', '正剧', '不像', '正剧', ' ', '喜剧', '不像', '喜剧', ' ', 'BGM', '更是', '一点', '都', '不配', '\n', '真不知道', '怎么', '会集', '齐', '这么', '多', '戏骨', '去演', '这剧', '！']",0
55,"['本来', '觉得', '是', '琅', '琊', '榜', '，', '结果', '是', '个', '穿越', '？', '男主太', '金手指', '了', '没意思', '，', '而且', '造型', '也', '不', '好看', '。', '言冰云', '为啥', '不', '露面', '，', '哎', '。', '急', '。', '一星', '给', '道', '明叔', '，', '一星', '给', '战哥', '的', '片尾曲', '余年', '。']",-3
56,"['鸡肋', '。', '。', '只能', '说', '小说', '本身', '就', '偏', '幼齿', '，', '指望', '编剧', '化腐朽为神奇', '，', '把', '穿越', '自带', '狙击枪', '的', '架空', '爽文', '变成', '经典', '也', '不', '现实', '。', '。']",22
57,"['一直', '盼', '着', '这部', '剧上', '，', '看', '了', '两集', '，', '只有', '失望', '，', '再忍', '着', '吐', '槽', '的', '心', '追', '几集', '…', '…', '。', '腾讯', '大概', '是', '想', '钱', '想', '疯', '了', '，', '6', '集', '50', '？', '这剧值', '吗', '，', '我', '呸', '。']",0
58,"['没', '眼看', '，', '第一集', '看', '了', '十分钟', '，', '五分钟', '看', '完', '二三', '四集', '，', '不知所云', '，', '服装', '差到', '爆', '，', '演技', '也', '烂', '。', '还是', '等', '鹤唳华亭', '吧']",5
59,"['二集', '弃', '，', '张若昀', '演技', '太', '油腻', '，', '服化道', '太差', '了', '。', '同时', '作为', '权谋', '剧', '，', '剧情', '太', '弱智', '了', '。', '又', '追', '了', '3', '-', '4', '集', '，', '还是', '看不下去', '，', '弃', '之']",-29
60,"['妈呀', '太', '可怕', '了', '！', '真的', '是', '！', '预告', '和', '正片', '是', '一个', '东西', '吗', '？', '？', '！']",0
61,"['现在', '的', '古装', '我', '只信', '山影', '的', '，', '其他', '的', '都', '跟', '闹着玩', '似的']",0
62,"['王倦', '果然', '是', '王倦', '，', '几年', '前', '的', '《', '舞乐', '传奇', '》', '就', '曾', '惊艳', '过', '。', '《', '庆', '余年', '》', '看似', '乱七八糟', '的', '剪辑', '和', '逻辑', '线', '，', '都', '会', '在', '接下来', '给出', '意料之外', '的', '答案', '和', '解释', '，', '很', '有意思', '，', '演员', '演技', '也', '很', '给', '力', '，', '看似', '幼稚', '的', '台词', '，', '荒诞', '的', '行为', '，', '实际', '都', '是', '大智若愚', '。', '情节', '有趣', '，', '引人深思', '。']",-32
63,"['一集', '半弃剧', '。', '废', '镜头', '多', '，', '节奏', '慢', '，', '世界观', '铺垫', '不够', '好', '，', '故事', '讲述', '也', '不', '流畅', '。', '感觉', '每', '一段', '都', '很', '莫名其妙', '很', '生硬', '。']",-27
64,"['以为', '是', '历史', '正剧', '结果', '是', '浮夸', '喜剧', '？', '男主颜值', 'emmm', ' ', '郭', '麒麟', '给', '两星', '谢谢']",-3
65,"['这', '到底', '讲', '的', '是', '个', '啥', '？']",0
66,"['期望', '越大', '失望', '越大']",5
67,"['看', '了', '一集', '，', '看不下去', '，', '弃', '了']",0
68,"['兴冲冲', '的', '看', '了', '前', '两集', '，', '扶着', '墙点', '了', 'X', '，', '我', '再也', '不吐槽', '隔壁家', '的', '鹤唳华亭', '了', '！']",5
69,"['一个', '小孩', '挖', '半天', '坟', '，', '拍拍手', '，', '啥事', '没有', '。', '。', '。', '真有', '你', '的', ' ', '导演']",0
70,"['浪费', '这么', '多', '老戏骨', '，', '良心', '不会', '痛', '吗', '？']",-7
71,"['一集', '弃', '，', '又', '是', '一部', '男频', '公路', '片', '，', '角色', '没头苍蝇', '，', '剧情', '漫无目的', '，', '台词', '又尬', '又', '水', '，', '这', '也', '能', '吹']",-7
72,"['6', '集', '完事', '！', '好', '的', '编剧', '就是', '会', '让', '配角', '也', '出', '很', '出彩', ' ', '范思辙', ' ', '王启年', ' ', '滕子京', ' ', '费介', ' ', '五竹', '等等', ' ', '感觉', '每个', '人', '都', '有', '自己', '的', '独立', '线', ' ', '女性', '角色', '暂时', '还', '没', '看到', '突出', '光彩', ' ', '好', '期待', '叶轻眉', '和', '庆帝', '之间', '的', '故事', '也', '不', '知道', '第一季', '能', '不能', '露面', ' ', '张', '适合', '民国', '剧', ' ', '古装', '太', '暴露', '颜值', '缺点', ' ', '换个', '有', '演技', '还有', '颜值', '的', '小生', ' ', '这剧', '估计', '也', '就', '小', '爆', '了', '范若', '若', '和', '想象', '的', '不', '一样', ' ', '曼丽', '脱离', '了', '伪装者', '滤镜', '不行', '了', '啊', ' ', '婉儿', '也', '是', '目前', '没', '看到', '光彩', '点']",19
73,"['我', '觉得', '有点', '尬']",0
74,"['中', '二', '不是', '导演', '水平', '差', '的', '挡箭牌', '，', '完全', '没有', '专业', '素养', '的', '制作', '团队', '，', '导演', '和', '剪辑', '音乐', '尤甚', '。']",3
75,"['1.5', '倍速', '不够', '用']",-5
76,"['一集', '弃', '。', '等', '不到', '李沁', '出场', '了', '，', '拍', '的', '什么', '玩意儿', '，', '四不像']",0
77,"['这么', '好', '的', '演员阵容', '，', '可惜', '了', '。', '还是', '国内', '电视剧', '一贯', '的', '粗制滥造', '，', '本来', '期待', '这', '可能', '是', '一部', '《', '琅', '琊', '榜', '》', '那样', '的', '剧', '，', '现在', '看来', '，', '是', '我', '期待', '太高', '了', '。']",-5
78,"['之前', '参加', '了', '盗', '梦', '观影', '团', '活动', '，', '提前', '了', '三集', '，', '终于', '等到', '了', '！', '！', '！', '！', '观感', '就', '俩', '字', '―', '―', '好看', '！', '（', '不', '说', '了', '去', '看', '第四集', '?', '?', '(', '?', 'B', 'ω', 'B', ')', '?', '?', '请', '后续', '一定', '保持', '前面', '水准', '啊', '！', '！', '！', '）']",3
79,"['网络小说', '改', '编剧', '的', '通病', '，', '和', '那个', '九', '州牧', '云记', '一样', '的', '问题', '，', '架子', '铺', '的', '太大', '，', '驾驭', '不了', '，', '就', '成', '了', '这', '副', '模样', '。', '就', '拿', '琅', '琊', '榜', '来', '比', '，', '高下', '立判', '。']",-5
80,"['什么', '胡诌八扯', '的']",-5
81,"['我', '是', '晕', '了', '吗', '？', '这剧', '怎么', '拍', '成', '这样', '了', '？', '不是', '大剧', '正剧', '吗', '？', '怎么', '成', '穿越', '剧', '？', '重生', '剧', '？', '什么', '鬼', '…', '…', '满屏', '都', '是尬', '尬', '的', '网络', '文风', '。', '这么', '多', '老戏骨', '鼓捣', '这么', '一个', '玩意', '？', '我', '，', '只能', '佩服', '大家', '的', '勇气', '…', '…', '所谓', '网络', '大神', '都', '是', '这么', '神奇', '吗', '…', '…', '骗纸', '！', '以为', '你', '可以', '秒杀', '《', '鹤唳华亭', '》', '，', '结果', '是', '这个', '样子', '！']",0.5
82,"['感觉', '和', '评', '五星', '的', '人', '看', '的', '不是', '同', '一部', '剧', '，', '老戏骨', '们', '为啥', '接', '这样', '的', '剧', '。']",0
83,"['“', '嚯', '！', '为', '陈道明', '去', '看', '！', '相信', '他', '的', '眼光', '！', '！', '”', '撤回', '撤回', '。', '\n', '为了', '集数', '而', '磨叽', '，', '哪里', '看出', '了', '不', '拖沓', '…', '…', '\n', '那么', '那么', '多', '的', '满分', '，', '实在', '体会', '不到', '。', '\n', '失望', '至极', '，', '告辞', '！']",-3.5
84,"['好看', '，', '别看', '是', '个', '穿越', '剧', '却', '一本正经', '说', '故事', '，', '而且', '镜头', '，', '配色', '，', '比例', '都', '特别', '好看', '！', '真的', '好看', '，', '一集', '就', '长大', '了', '，', '剧情', '进展', '快', '都', '没', '看够', '！']",15
85,"['舌头', '捋', '直', '了', '说话']",0
86,"['看', '的', '时候', '让', '人', '一脸', '“', 'what', '？', '”', '的', '感觉', '。', '不是', '说好', '的', '要', '诈死', '吗', '？', '为什么', '连', '衣服', '都', '不换', '就', '大摇大摆', '的', '在', '京城', '给', '男主当', '护卫', '了', '？', '？', '？', '还有', '男主', '不是', '说', '要', '偷偷摸摸', '的', '去', '监察院', '，', '还要', '弟弟', '妹妹', '营造', '不', '在场', '证据', '的', '吗', '？', '怎么', '又', '大摇大摆', '，', '一边', '逛街', '一边', '游荡', '着', '去', '监察院', '了', '？', '！', '！', '！', '导演', '在', '挑战', '观众', '的', '智商', '吗', '？']",15
87,"['太', '难看', '了', '，', '一', '上来', '莫名其妙', '整个', '小说', '，', '剧情', '很', '无聊', '，', '一点', '没有', '看点', '。']",-15
88,"['搞', '这么', '大阵', '仗', '就', '为', '一', '沙雕', '剧', '？', '何必', '兴师动众', '老戏骨', '，', '有', '郭', '麒麟', '就够', '了', '。']",-5
89,"['类型', '是', '我', '喜欢', '的', ' ', '被', '男主颜', '劝退', '…', '…']",5
90,"['男主', '太丑']",0
91,"['9012', '年', '了', '这种', '潘', '逆袭', '成龙', '傲天', '的', '种马', '文', '还', '这么', '受欢迎', '？', '？', '？', '？', '带入', '且', '沉浸', '在', '主角', '的', '的', '开挂', '世界', '里', '想必', '很香', '吧', '？', '！', '！', '！', '【', '浪费', '了', '很多', '老', '演员', ' ', '但是', '这个', '猥琐', '还有', '抄袭', '历史', '的', '男频', '爽文', '我', '真', '看', '不', '进去', ' ', '告辞', '！', ' ', '】', '一星', '是', '给', '小范', '闲', '的', ' ', '这', '孩子', '有点', '灵气']",-39
92,"['没', '看过', '小说', '，', '看', '了', '4', '集', '不', '知道', '演', '的', '是', '啥']",0
93,"['没', '看过', '原著', '。', '看过', '的话', '估计', '也', '是', 'yy', '小说', '。', '主角', '开挂', '。', '各种', '奇遇', '。', '身边', '都', '是', '美女', '。', ' ', ' ', '这', '不', '和', '什么', '极品', '家丁', '。', '还有', '诛仙', '这些', '都', '差不多', '吗', '。', '第二集', '就', '说', '明白', '了', '整个', '故事', '。', '陈道明', '肯定', '是', '弄死', '他', '母亲', '的', '黑手', '。', '最后', '肯定', '和', '林婉儿', '结婚', '了', '。', ' ', ' ', '就算', '穿越', '了', '。', '能', '默写', '红楼梦', '全篇', '也', '是', '有点', '厉害', '。', '主角', '你', '怎么', '不', '穿越', '过去', '就会造', '原子弹', '呢', '？', '你', '母亲', '的', '遗志', '不是', '一下', '就', '实现', '了', '？', '统一', '全人类', '。', '最后', '不得不', '说', '。', '一周', '更新', '4', '集', '你', '和', '我', '闹', '呢', '？', '总共', '46', '集', '更新', '86', '天', '。', '还是', '第一季', '。', '你', '当', '你', '是', '权力', '的', '游戏', '呢', '。', '一', '拍拍', '十来', '年']",-7
94,"['看不下去', '了', '，', '太', '杰克', '苏了', '真的', '。', '琅', '琊', '榜', '男主', '好歹', '沉稳', '大气', '，', '这部', '的', '男主', '就是', '龙傲', '天', '。', '剧情', '漏洞百出', '，', '所有', '的', '人物', '包括', '主角', '脸谱化', '严重', '。', '你', '说', '当', '喜剧', '看', '，', '不要', '带', '脑子', '，', '笑点', '又', '太尬', '。', '去年', '的', '玛丽', '苏大剧', '延禧', '攻略', '：', '皇后', '、', '继', '皇后', '、', '女主', '哪个', '塑造', '得', '不', '比', '这部', '里', '的', '全部', '角色', '立体', '？', '结果', '这个', '8', '分', '那个', '7', '分', '？']",9
95,"['某位', '老', '艺术家', '拿枪', '拿', '调']",9
96,"['还是', '不行', '啊', '，', '这', '类型', '剧', '啥时候', '能', '有', '个', '突破', '啊']",0
97,"['首先', '，', '没', '港台', '演员', '的', '掺合', '基本', '可以', '避开', '合拍片', '的', '垃圾', '揍', '性', '了', '，', '可以', '一刷', '。', '另', '，', '这天', '上', '一脚', '地上', '一脚', '哪', '也', '不', '挨', '哪', '的', '中', '二', '气质', '果然', '很', '王倦', '大大', '！', '灵魂', '一问', '，', '如此', '悬浮', '的', '设定', '怎么', '过', '的', '审', '？']",2
98,"['就是', '个', '服化', '道', '预算', '充足', '的', '《', '太子妃', '升职', '记', '》', '。']",0
99,"['前', '六集', '看', '完', '了', '，', '很', '失望', '。', '是', '什么', '让', '肤浅', '的', '杰克', '苏', '故事', '都', '能', '铺天盖地', '吹', '成', '这样', '？', '果然', '现在', '任何', '社交', '平台', '上', '对', '一部', '未', '开播', '作品', '的', '提前', '吹捧', '，', '都', '是', '提前', '暗示', '该', '作品', '的', '廉价', '内核', '。']",-7
100,"['莫名其妙', '，', '不知所云', '的', '设定', '。', '。', '。']",-10
101,"['作为', '男生', '看', '了', '第一集', '太假', '太扯', '了', '，', '一个', '小男孩', '还', '能', '把', '一个', '成年', '的', '管家', '给', '扇', '飞', '，', '这部', '剧', '完全', '靠', '这帮', '老戏骨', '支撑', '起来', '的', '，', '新丽', '是', '真', '有钱', '，', '但', '剧本', '是', '硬伤', '。', '很多', '逻辑', '不通']",10.5
102,"['看', '了', '张若昀', '的', '扮相', '，', '真心', '觉得', '演员', '还是', '要长', '的', '有点', '颜值', '，', '否则', '看剧', '吃饭', '都', '要', '被', '恶心', '的', '吐出来', '。', '看到', '第二集', '张若昀', '出来', '了', '，', '就', '弃剧', '了', '！', '能', '找到', '比', '他', '再', '丑', '的', '男主', '吗', '？', '演技', '没', '看', '出来', '，', '但是', '丑', '是', '真的', '可以', '让', '人', '看', '了', '吃不下', '饭', '。', '娱乐节目', '能否', '让', '人', '舒服', '的', '休息', '啊', '。']",1.5
103,"['女人', '全是', '傻', '白甜', '，', '主角', '出身', '即', '不凡', '，', '所遇', '即', '所幸', '，', '难为', '男', '作家', '意淫', '良久']",9
104,"['装', '出', '一副', '高级', '调调', '的', '穿越', '剧', '，', '呵呵', '了', '。']",5
105,"['超前', '看', '了', '3', '集', '，', '很', '期待', '，', '一定', '会', '追', '！']",3
106,"['抱', '着', '看', '琅', '琊', '榜', '的', '心态', '来', '的', '。', '硬着头皮', '看', '了', '三集', '这', '都', '什么', '鬼', '？', '？', '？', '？', '陈道明', '的', '部分', '和', '男主角', '的', '部分', '完全', '不像', '同', '一部', '电视剧', '，', '这', '粗糙', '的', '服道化', '就', '更', '不要', '说', '了', '。', '剧是', '看不下去', '了', '，', '我', '去', '补', '看', '原著', '了', '。', '（', '可是', '脑子里', '一', '但', '接受', '了', '男主角', '是', '张若钧', '那个', '样子', '，', '我怕', '估计', '也', '就', '看不下去', '了', '…', '）', '（', '看', '完', '第十集', '我', '的', '妈呀', '我', '是', '有', '多', '剧荒', '来看', '这个', '，', '味同嚼蜡', '简直', '，', '好多', '公众', '号', '还', '在', '吹', '我', '的', '妈呀', '我', '全部', '取关', '了', '！', '！', '！', '烂出', '天际', '！', '！']",-27
107,"['剧情', '太弱', '了', '，', '简直', '金手指', '，', '完全', '没', '逻辑']",0
108,"['男主', '真是', '败笔', ' ', ' ', '长得', '丑', '演技', '还尬']",-3
109,"['说实话', '，', '真的', '不', '好看', '，', '四不像']",-3
110,"['莫名其妙', '..', '沙雕', '剧情', '和', '台词', '，', '可惜', '了', '吴刚', '陈道明', '这些', '老戏骨', '，', '2', '星给', '他们', '的', '演技', '，', '太差', '了', '，', '张若昀', '古装', '丑', '的', '没法', '看']",-10
111,"['看', '了', '两集', '，', '看不下去', '了', '，', '强大', '的', '演员阵容', '就是', '这么', '个', '道', '化服', '的', '制作', '水平', '？']",5
112,"['什么', '脑残', '台词', '，', '能', '改成', '人', '说', '的', '再', '拍', '电视剧', '行', '吗', '？', '编剧', '直接', '抄', '小说', '的', '吗', '？', '说', '出来', '不尬', '？', '演员', '也', '是', '，', '张开嘴', '说话', '行', '吗', '？', '别', '皱眉头', '了', '可以', '夹死', '苍蝇', '了', '，', '什么', '破', '演技', '。', '。', '。', '一集', '我', '有', '80%', '在', '出戏', '中', '，', '看', '的', '人', '难受', '死', '了', '。']",0
113,"['男主', '成年', '后', '第一个', '特写镜头', '丑出', '天际', '，', '那', '一', '撮', '摩根', '烫', '黄色', '刘海', '浓浓的', '乡', '非土', '气息', '，', '别人', '是', '歪', '脸', '杀', '，', '张若昀', '是', '在', '线索', '命', '。']",-7
114,"['这个', '剧', '绝对', '不值', '8', '分', '，', '不管', '是', '在', '范府', '还是', '在', '朝廷', '，', '原著', '里', '精彩', '的', '权力斗争', '都', '没有', '了', '，', '剩下', '的', '就', '只有', '说个', '俏皮话', '了', '，', '权谋', '剧', '变成', '了', '一个', '搞笑', '剧', '，', '范闲', '作为', '一个', '穿越', '者', '从小', '的', '成熟', '稳重', '也', '没', '了', '，', '从小', '就', '艰苦', '修炼', '霸道', '真', '气', '以及', '跟着', '五竹', '艰苦', '锻炼', '也', '没得', '了', '，', '范闲', '的', '成长', '历程', '完全', '被', '一笔带过', '，', '完全', '变成', '了', '一个', '男版', '傻', '白甜', '，', '莫名其妙', '就', '武功', '超绝', '了', '，', '范闲', '和', '范若', '若', '从小', '感情', '的', '培养', '，', '也', '被', '一笔带过', '，', '感觉', '编剧', '舍重', '就', '轻', '做', '的', '不错', '。', '皇帝', '作为', '幕后', '大', 'BOSS', '，', '还', '动不动', '就', '出来', '解说', '剧情', '，', '神秘感', '完全', '木', '的', '了', '。', '还有', '五竹', '的', '演员', '也', '是', '离谱', '，', '除了', '面目', '表情', '和', '装酷', '，', '没有', '一点', '五竹', '该', '有', '的', '气质', '，', '就', '感觉', '导演', '选角', '就', '有', '问题', '，', '感觉', '陈道明', '并', '不', '适合', '演庆帝', '，', '达康', '书记', '也', '不', '适合', '演', '陈萍萍', '，', '这', '和', '演技', '无关', '，', '就', '跟', '陈佩斯', '不', '适合', '演', '正面', '角色', '一个', '道理', '。', '男主', '就', '不', '说', '了', '，', '是', '个人', '就', '能', '演成', '这样', '，', '毫无', '演技', '可言', '，', '就是', '在', '背台词', '。', '\n', '道具', '也', '是', '离谱', '。']",-29.5
115,"['吹', '的', '多', '牛', '，', '不是', '不行', ' ', '是', '出生', '有点', '晚', ' ', '，', '怪', '只', '怪', '长安', '十二', '时辰', '场景', '太', '考究', '，', '鹤唳华亭', '台词', '太', '文雅', '，', '对比', '起来', '，', '此剧', '显', '如此', '单薄', '无力', '。', '据说', '还有', '还有', '好几', '季', '，', '可怜', '了', '投资商', '。']",42
116,"['吐', '了', '，', '这么', '难看', '吗', '？', '看', '了', '第一集', '，', '一直', '在', '那里', '绕来', '绕', '去', '，', '尴尬', '死', '了', '！', '还', '没有', '鹤唳华亭', '好看', '。', '放弃', '了']",-2
117,"['我', '觉得', '很', '一般', '啊', '，', '剧情', '衔接', '很', '差劲', '，', '主角', '们', '人设', '太', '浓郁', '了', '。', '\n', '为什么', '会火', '?']",-10
118,"['导演', '是不是', '天天', '玩', 'lol', '，', '弄', '了', '个', '盲仔', '天天', '装逼', '，', '看', '的', '人', '一头雾水']",0
119,"['第一集', '被', '五竹叔', '吓', '回来', '了', '，', '五竹叔', '是', '个', '冷漠', '没', '没', '感情', '的', '少年', '，', '跟', '盗墓', '里', '小哥', '的', '意思', '有点像', '。', '这', '演员', '有点', '装酷', '，', '端', '着', '，', '而且', '年龄', '差', '的', '有点', '多', '，', '不过', '说', '回来', '想', '找个', '符合', '叔', '气质', '的', '演员', '有点', '难', '，', '更', '完', '了', '挑', '着', '再', '看看', '吧', '。']",9.75
120,"['这', '..', '就是', '起点', '爽文', '的', '最高', '水准', '？', '？', ' ', '对比', '一下', '同等', '人气', '的', '耽美', '，', '看看', '女性', '作者', '&', '读者', '的', '襟怀', '和', '想象力', '，', '难道', '阴盛阳衰', '已成', '大势', '..', ' ', '(', '?', '_', '?', ')']",8
121,"['无聊', '且', '拖沓', '的', '剧情', '，', '难怪', '一直', '没给', '你播']",0
122,"['看', '了', '半集', '，', '顶不住', '了']",0
123,"['白', '瞎', '了', '陈道明', '了', '。']",0
124,"['一般', '，', '太', '一般', '了']",0
125,"['看', '的', '好', '尴尬', '，', '张若昀', '啊', '你', '怎么', '变', '这样', '了', '啊', '喂']",0
126,"['1', '.', '王倦', '+', '演员', '+', '原著', '，', '挺早', '之前', '就', '想', '看', '了', '，', '预期', '极高', '\n', '2', '.', '看', '完', '还', '不如', '宋', '大志', '，', '更', '别说', '同期', '的', '鸽唳', '华亭', '了', '\n', '3', '.', '编剧', '上', '，', '王倦', '上', '一部', '宋', '大志', '一票', '年轻', '演员', '，', '整体', '不', '走', '深度', '是', '偏', '轻松', '的', '探案', '型', '，', '庆', '余年', '就', '两不像', '，', '1.2', '集太赶', '，', '走马观花', '的', '看', '人物', '讲', '背景', '，', '3.4', '集庆帝', '的', '权谋', '线', '和', '范家', '的', '搞笑', '线', '观感', '上', '太', '割裂', '了', '，', '剧情', '太碎', '，', '不够', '搞笑', '也', '讲', '不好', '剧情', '。', '\n', '4', '.', '演员', '上', '很', '强', '，', '配角', '都', '是', '熟', '脸', '，', '亮相', '时间', '有点', '短', '，', '有些', '还好', '有些', '看', '的', '很', '僵硬', '，', '还有', '配音', '都', '有点', '奇怪', '的', '停顿', '感', '。', '原著', '看过', '开头', '，', '改编', '水平', '算', '网文', '改里', '的', '中等', '吧', '，', '穿越', '设定', '也', '改', '的', '太', '奇怪', '了', '。']",-9
127,"['整个', '剧', '看起来', '不太', '舒服', '，', '更', '谈不上', '有', '什么', '健全', '的', '三观', '，', '就是', '一种', '什么', '都', '不', '懂', '的', '小屁孩', '卖弄', '自己', '一样', '的', '感觉']",8
128,"['额', ' ', '看', '了', '前', '三集', ' ', '都', '目前为止', ' ', '剧情', '是', '个', '啥', '我', '都', '没', '看', '出来', ' ', '不是', '很', '好看', ' ', ' ', '已弃', '?']",9
129,"['改编自', '猫腻', '《', '庆', '余年', '》', '。', '男频', '网文', 'IP', '意淫', '属性', '，', '潘', '逆袭', '一路', '金手指', '开挂', '登顶', '顺带', '开', '后宫', '。', '在', '一众', '古装', '大剧', '的', '对比', '下', '，', '美术', '服化', '道', '极其', '差劲', '。']",-16
130,"['没太看', '下去', ' ', '没', '主线', ' ', '人物', '假大空', '！']",-16
131,"['书粉', '来', '的', '，', '截止', '到', '11', '月', '27', '日晚', '7', '点', '，', '豆瓣', '评分', '7.9', '分', '，', '评价', '人数', '9619', '人', '。', '\n', '我', '不', '知道', '这个', '评价', '是', '怎么', '来', '的', '，', '也', '有', '很多', '自称', '看过', '两遍', '，', '看过', '猫腻', '全集', '的', '网友', '说', '超出', '预期', '，', '在我看来', '，', '这部', '戏请', '了', '许多', '老戏骨', '，', '但', '很', '难', '想象', '会', '拍成', '这个', '样子', '。', '范闲', '作为', '穿越', '者', '首先', '出现', '在', '竹篓', '里', '，', '滴血', '的', '杀人者', '的', '竹篓', '。', '五竹', '的', '铁钎', '，', '以一', '敌十敌', '百', '的', '黑', '骑', '，', '十五岁', '的', '暗杀', '，', '这些', '本该', '刀光剑影', '，', '让', '人', '惊心动魄', '的', '元素', '被', '草草', '带', '过', '，', '霸道', '真气', '这', '名字', '也', '只', '出场', '过', '一次', '而已', '。', '那', '十九年', '前', '为', '京城', '权贵', '大为', '忌惮', '的', '箱子', '被', '范闲', '随手', '拎', '着', '，', '甚至', '交给', '范思辙', '把玩', '，', '权谋', '也', '在', '明', '面上', '谈起', '，', '像', '小孩子', '过家家', '。', '\n', '可能', '编剧', '导演', '想像', '武林', '外传', '一样', '拍', '它', '，', '但是', '与', '我', '心中', '庆', '余年', '应该', '有', '的', '样子', '一一', '比照', '说来', '，', '没有', '一个', '元素', '是', '对', '的', '。', '我', '也', '不惮', '说', '出来', '。', '公布', '阵容', '的', '时候', '我', '就', '有', '过', '担心', '，', '但是', '实际', '拍', '出来', '之后', '和', '杨阳', '导演', '的', '将', '夜', '一', '比较', '，', '实在', '差', '的', '有点', '远']",-35
132,"['看', '了', '一集', '就', '觉得', '里面', '的', ' ', '人', '咋', '都', '这么', '能装', 'b', '呢', '…', '…']",0
133,"['只', '看', '了', '第一集', '和', '第二集', '一点点', '，', '这', '授徒', '的', '戏', '也', '太', '糊弄人', '了', '，', '什么', '试毒', '啊', '竹林', '练轻功', '啊', '，', '9102', '年', '了', '还', '照抄', '邵氏', '70', '年代', '武打片', '的', '桥段', '。', '刘桦', '的', '表演', '完全', '浮在', '面上', '，', '好像', '着急', '去', '赶下', '一个', '片子', '，', '他', '还', '算', '好', '的', '，', '其他', '演员', '就', '只', '剩', '摆', '造型', '了', '。', '塑料', '模块化', '网剧', '―', '所有', '角色', '在', '所有', '戏里', '通用', '，', '导演', '要', '做', '的', '就是', '拼一拼', '，', '太牛', '逼', '了']",0
134,"['刚', '开始', '看', '，', '觉得', '男主长', '得', '挺', '不', '好看', '的', '，', '后来', '发现', '，', '陆续', '登台', '的', '那些', '人', '简直', '是', '不堪入目', '，', '都', '是从', '哪', '请来', '的', '妖魔鬼怪', '，', '竟然', '有', '水文', '说', '这', '是', '国内', '顶级', '服化', '道', '，', '吐血', '...', '网络', '男频', '爽剧', '...', '?', '?', '?']",-10.5
135,"['尬', '到', '爆炸', '的', '一部', '剧']",0
136,"['陈道明', '也', '救', '不', '回', '。', '。']",0
137,"['冲', '陈道明', '和', '吴刚', '老师', '来看', ' ', '在', '我', '心里', '对', '标琅', '琊', '榜', ' ', '但是', '看', '了', '前', '三集', '我', '只能', '说', ' ', '是', '我', '的', '期待', '太高', '了', ' ', '服化', '道', '尤其', '粗糙', ' ', '台词', '也', '很', '夸张', ' ', '人物', '脸谱化', ' ', '整个', '剧', '看起来', '很', '轻浮', ' ', '总之', '就是', '失望', '吧', ' ', '一分', '给', '陈道明', ' ', '一分', '给', '吴刚']",14
138,"['低于', '预期', '，', '哎']",0
139,"['六集', '看', '完', '了', '，', '弱智', '狗血', '剧', '，', '鉴定', '完毕', '。', '不了', '不类', '，', '什么', '玩意儿', '啊']",-4
140,"['请', '一堆', '大', '咖', '然后', '演', '这种', '戏', '？', 'fine', '.....']",0
141,"['我', '觉得', '有点', '太', '无厘头', '啊', ' ', '这么', '大', '制作', '正常', '一点', ' ', '会', '好看', '些', '吧']",1.5
142,"['男主', '太胖', '―', '?', '，', '服化', '道', '不得', '行', '―', '?', '，', '改编', '不够', '好看', '―', '?', '，', '其中', '一首', 'ost', '抄', '末代皇帝', '―', '?', '，', '郭', '麒麟', '竟然', '挺', '可爱', '+', '?']",0.5
143,"['选角', '问题', '太多', '了', '，', '很多', '人物', '不', '符合', '书中', '的', '描述', '，', '更', '讨厌', '的', '是', '整个', '故事', '的', '时间', '线', '，', '故事', '线改', '的', '太', '离谱', '了', '…', '…', '唉', '…', '…', '期待', '满满的', '一部', '剧', '，', '看来', '可以', '弃', '了', '。']",0.5
144,"['我', '经过', '这', '几年', '的', '失望', '已经', '降低', '很多', '期待', '了', ' ', '可是', ' ', '怎么', '能', '这么', '不', '好看', ' ', '我', '得', '看看', '原著', '粉', '什么', '评价', ' ', '如果', '原著', '就', '这样', '那', '我', '无话可说', ' ', '我', '审美', '不够', ' ', '无缘', '欣赏', ' ', '如果', '又', '是', '瞎', '几把', '改', '那', '我', '这', '暴脾气', '可', '就要', '上来', '了', ' ', '这种', '阵容', ' ', '浪费', '是', '犯罪', '啊', '！']",-15
145,"['从', '婴儿', '到', '长大', '都', '在', '儋州', '，', '为啥', '进京', '都', '后', '所有人', '都', '能', '认出', '他', '是', '谁', '！', '？']",0
146,"['看', '了', '一集', '《', '庆', '余年', '》', '。', '之前', '还', '在', '想', '，', '国家', '禁止', '拍', '穿越', '，', '穿越', '元素', '怎么', '保留', '，', '这个', '开头', '处理', '了', '这个', '问题', '…', '…', '确实', '很', '有趣', '，', '只不过', '开头', '那个', '女老师', '是', '谁', '，', '谁', '说', '不能', '用', '现代', '理论', '解读', '古代文学', '的', '！', '编剧', '失职', '了', '啊', '。', '节奏', '比', '《', '将夜', '》', '快', '了', '不少', '，', '跟着', '原著', '，', '不', '拖沓', '，', '这', '很', '好', '。', '另外', '有些', '地方', '太快', '了', '，', '比如', '范闲会', '真气', '，', '前面', '给', '了', '一个', '镜头', '交代', '，', '但', '没', '看过', '书', '的', '观众', '不', '仔细', '看', '估计', '看', '不', '明白', '。', '还有', '私生子', '这', '身份', '，', '只是', '字幕', '说', '了', '，', '如果', '看', '不', '仔细', '，', '会', '很', '奇怪', '一个', '管家', '怎么', '会', '对', '少爷', '那么', '有', '敌意', '。', '有些', '地方', '特效', '一般', '。', '这是', '不好', '的', '地方', '。', '好', '的', '地方', '是', '，', '细节', '还原', '，', '对白', '精彩', '，', '演技', '在线', '，', '节奏', '舒畅', '，', '笑点', '颇', '多', '。', '最后', '一个', '很', '重要', '，', '因为', '《', '庆', '余年', '》', '其实', '很', '沉重', '的', '。', '只要', '接下去', '几集', '不崩', '，', '应该', '能稳', '坐', '9', '分']",89
147,"['倒', '背', '唐诗三百', '首', '，', '默写', '红楼梦', '…', '…', '十几年', '前', '的', '穿越', '烂', '梗', '竟然', '还有', '这么', '多人', '捧场', '，', '是', '我', '输', '了', '…', '…']",-6
148,"['整个', '剧', '就', '像', '几个', '好', '演员', '在', '陪', '一群', '人', '在', '玩', '过家家', '，', '导演', '制片', '是', '真烂', '啊', '，', '一群', '演员', '演技', '好', '尴尬', '啊', '。', '（', '我', '看剧', '的', '时候', '，', '我', '老公', '让', '我', '带', '着', 'iPad', '滚远点', '）']",0
149,"['看', '了', '两集', ' ', '整体', '制作', '不错', ' ', '张若昀', '演技', '撑得住', ' ', '小演员', '演得', '很', '出彩', ' ', '评论', '里面', '有', '的', '人', '太', '搞笑', '了', ' ', '你', '不爽', '肖战', '粉丝', '刷屏', '就', '骂', '肖战粉', '啊', ' ', '冤有头', '债有主', ' ', '给剧', '打', '一星', '是', '什么', '逻辑', '？', '？', '尬', '黑', '有意思', '？', '？']",-42
150,"['第一集', '8', '分', '，', '第二', '三四', '集', '6.5', '分', '，', '第五', '六集', '6', '分', '。', '故事', '还', '行', '，', 'bug', '有点', '多', '，', '节奏', '不快', '。', 'bgm', '简直', '莫名其妙', '，', '个别', '地方', '响到', '让', '人', '无语', '。', '服化', '太丑', '，', '看剧', '无时无刻', '不', '在', '吐', '槽', '男主', '好丑', '好丑', '好丑', '啊', '。', '女主', '苦相', '，', '装束', '显老', '。', '还有', '李小冉', '的', '长', '公主', '，', '弄', '的', '跟', '个', '青楼女子', '一样', '。', '语言', '风格', '过于', '现代化', '，', '除了', '男主', '的', '用词', '可以', '理解', '，', '其他人', '说不过去', '吧', '。', '郭', '麒麟', '的', '台词', '如同', '在', '听相声', '，', '笑点', '颇', '多', '。', '后续', '：', '看', '完全', '剧', '，', '可以', '有', '7.5', '分']",-22.5
151,"['比较', '搞笑', '，', '剧情', '也', '可以', '，', '以前', '不是', '很', '喜欢', '李沁', '，', '这次', '看', '也', '还好', '。', '唯一', '觉得', '原著', '作者', '取名字', '太', '随意', '了', '，', '陈萍萍', '，', '范若', '若', '，', '思思', '之类', '…', '唯一', '用心', '的', '就是', '言冰云', '了', '，', '巧', '了', '我', '喜欢', '肖战', '，', '喜欢', '张若昀', '，', '陈道明', '…', '不过', '整天', '真的', '比', '一般', '国产', '剧好', '太多', '，', '希望', '快点', '更新']",10
152,"['第一次', '补', '追', '网剧', '，', '《', '庆', '余年', '》', '开篇', '就', '不错', '，', '情节', '层层', '揭开', '，', '人物', '个个', '有趣', '，', '让', '我', '几天', '里', '补', '追', '了', '20', '余集', '。', '网剧', '质量', '大', '提高', '，', '用', '电视', '果', '投到', '大', '电视屏', '上', '或', '在', '手机', '小', '屏幕', '上', '观看', '，', '十分', '方便', '，', '流媒体', '观看', '时代', '到来', '了', '！', ' ', ' ', ' ', ' ', ' ', ' ', ' ', ' ', ' ', ' ', ' ', ' ', ' ', ' ', ' ', ' ', ' ', ' ', ' ', ' ', ' ', ' ', ' ', ' ', ' ', ' ', ' ', ' ', ' ', ' ', ' ', ' ', ' ', ' ', ' ', ' ', ' ', ' ', ' ', ' ', ' ', ' ', ' ', ' ', ' ', ' ', ' ', ' ', ' ', ' ', ' ', ' ', ' ', ' ', ' ', '年初', '1', '月', '2', '日写', '了', '前面', '第一段', '看剧', '感想', '，', '之后', '抽空', '不断', '补剧', '，', '后面', '就', '遇到', '了', '等待', '周一', '至', '周三', '的', '更新', '；', '直到', '做天', '最后', '的', '46', '集', '更新', '，', '终于', '看', '完', '了', '这部', '年末', '网络', '爆款', '连续剧', '《', '庆', '余年', '》', '！', ' ', ' ', ' ', ' ', ' ', ' ', ' ', '打个', '满分', '是因为', '它', '满足', '了', '对', '通俗', '娱乐', '剧', '的', '一切', '要求', '，', '“', '燃', '”', '并', '享受', '着', '！']",32
153,"['奔', '着', '主角', '团队', '，', '和', '预告', '去', '看', '的', '。', '就是', '一爽文', '改编', '的', '爽剧', '。', '接受', '不了', '爽文', '的', '基本', '就', '不用', '看', '了', '。', '看', '了', '13', '集', ',', ' ', '主角', '就是', '个', '憨', '憨', '，', '如果', '不是', '有', '主角', '光环', '早就', '死', '两', '百遍', '了', '。', '就算', '是', '架空', '时代', '，', '我', '也', '不能', '接受', '古代', '会', '如此', '“', '现代', '”', '。', '而且', '节奏', '极其', '慢', '，', '还', '时不时', '穿插', '就', '前', '一集', '或前', '几十分钟', '播过', '的', '回忆', '内容', '。', '可', '真是', '凑集', '数', '鬼才', '。']",0
154,"['男主', '太丑', '了', '，', '演技', '也', '不可', '，', '还演', '绝世', '美男', '，', '疯狂', '想起', '他', '那', '歪曲', '历史', '的', '霍去病', '，', '果然', '糊是', '最好', '的', '保护色', '！', '原著', '作者', '公然', '支持', '支持', '乐天', '的', '女星', '，', '并且', '发表', '偶像', '面前', '无', '国家', '的', '言论', '，', '一个', '人', '的', '人品', '不行', '不', '值得', '大家', '去', '买单', '！', '这剧', '的', '宣传', '也', '歪', '了', '，', '弹幕', '简直', '就是', '黑子', '聚集地', '，', '劝退', '！', '一星', '给', '陈道明', '老师', '和', '李沁宋', '轶', '，', '一星', '给', '王倦', '老师', '！']",-14
155,"['什么', '鬼', '，', '看', '了', '两集', '完全', '不', '知道', '在', '干嘛', '，', '刻意', '的', '无厘头', '搞笑', '很尬', '，', '这种', '剧本', '怎么', '拿到', '投资', '的', '？']",0
156,"['一派胡言', '，', '一文不值', '。']",-7
157,"['唐艺昕', '独步天下', '既视感', '。', '看', '了', '两集', '觉得', '不', '好看', '。', '再', '看看', '再说', '吧', '。']",6
158,"['对', '电视观众', '太', '不', '友好', '了', '，', '在', '搞笑', '雷剧', '和', '正剧', '两种', '风格', '中', '反复', '横', '跳', '，', '还有', '男主太', '不', '适合', '古装', '了', '，', '长', '的', '丑', '就算', '了', '演技', '也', '浮夸', '，', '最', '主要', '的', '是', '怎么', '胖', '那么', '多', '，', '大饼', '脸', '身材', '像头', '猪', '。']",-3
159,"['说实话', '一般', '。']",0
160,"['事实证明', '，', '再', '多', '的', '老戏骨', '，', '也', '可以', '败给', '垃圾', '剧本', '。', '13', '集', '藤子', '荆死', '了', '之后', '范闲', '与', '一处', '主办', '的', '对话', '尬', '得', '我', '起', '鸡皮疙瘩', '。', '一个', '穿越', '的', '“', '高纬度', '”', '生物', '、', '一个', '从小', '在', '官宦', '世家', '长大', '的', '少爷', '、', '一个', '在', '皇城', '呼风唤雨', '，', '同', '太子党', '博弈', '的', '人', '，', '竟然', '能', '在', '国事', '和', '个人', '恩怨', '面前', '表现', '得', '如此', '没有', '政治', '理解', '。', '竟然', '能', '喷出', '“', '大局', '为重', '难道', '就', '得', '牺牲', '个人', '生命', '？', '”', '的', '大气', '凛然', '实则', '个人', '恩怨', '高于', '国家', '利益', '的', '发言', '。', '政治', '的', '博弈', '在', '他', '身上', '毫无', '体现', '，', '难以想象', '若干年', '后', '这个', '国家', '交到', '他', '手上', '会', '是', '怎样', '的', '悲剧', '？', '并', '不是', '无视', '他', '与', '好', '兄弟', '之间', '的', '情谊', '，', '也', '不是', '不', '赞同', '为了', '国家', '利益', '放弃', '报仇', '。', '君子', '报仇', '，', '十年', '未晚', '。', '作为', '一个', '国家', '的', '领导', '阶级', '，', '就', '有', '义务', '为了', '国家', '和', '人民', '的', '利益', '暂时', '放下', '个人', '恩怨', '。', '反观', '几年', '前', '的', '琅', '琊', '榜', '，', '证明', '政治', '博弈', '中', '，', '暂时', '的', '忍让', '不仅', '可以', '顾全大局', '，', '也', '可以', '报仇', '。', '本来', '看到', '这么', '多', '老戏骨', '以为', '会', '是', '一部', '神剧', '，', '没想到', '一点', '营养', '没有', '。']",-6
161,"['一口气', '看', '完', '六集', '，', '没', '看过', '原著', '，', '觉得', '还是', '挺', '有意思', '的', '。', '就', '穿越', '来说', '，', '显然', '主角', '他妈', '也', '是', '个', '穿越', '者', '，', '把', '能', '开', '的', '挂', '差不多', '都', '开', '完', '了', '，', '到', '主角', '这', '就', '只', '剩下', '一本', '《', '红楼梦', '》', '和', '一份', '现代人', '独立', '而', '清醒', '的', '心态', '了', '。', '所以', '他', '不能', '用', '常见', '穿越', '者', '的', '那种', '作弊', '手段', '来', '功成名就', '，', '而是', '真正', '像', '第一集', '里', '那个', '研究生', '的', '论文', '一样', '，', '用', '现代人', '的', '观念', '来', '在', '古代', '制度', '中', '生存', '。', '张若昀', '放在', '一堆', '小生', '里', '不算', '帅', '，', '长得', '也', '很', '“', '现代', '”', '，', '一般', '的', '古装戏', '演起来', '还', '不', '一定', '到位', '，', '偏偏', '在', '这部', '剧里', '就', '有', '一种', '混在', '古人', '里', '的', '现代人', '的', '感觉', '，', '也', '算', '契合', '了', '。', '陈道明', '老师', '是', '我', '看', '这部', '剧', '的', '初衷', '，', '戏演', '得', '依然', '是', '稳', '，', '庆帝', '此人', '的', '风度', '、', '城府', '以及', '难以捉摸', '的', '气质', '都', '被', '演绎', '得', '不露声色', '，', '不过', '直觉', '来看', '估计', '这货', '也', '不怎么', '爱范闲', '，', '八成', '是', '最后', '的', '总', 'BOSS', '了', '。']",16
162,"['男主', '不行', '?']",-7
163,"['看到', '第十集', '，', '我要', '弃', '了', '。', '庆帝', '相关', '戏份', '走', '写实', '残酷', '路线', '，', '男主', '相关', '戏份', '开挂', '太', '明显', '，', '不', '知道', '是', '导演', '故意', '为', '之', '，', '还是', '男', '主演', '技', '问题', '，', '男主', '的', '表演', '给', '人', '一种', '我', '知道', '我', '是', '开', '了', '挂', '的', '，', '我', '只是', '来', '玩玩', '的', '，', '很', '出戏', '。', '搞笑', '戏份', '过于', '刻意', '也', '就', '不好', '笑', '了', '。', '爱情', '戏', '还', '能', '再', '狗血', '一点', '吗', '？', '更', '别说', '各种', '逻辑', '漏洞', '了', '，', '到底', '为什么', '被', '捧', '这么', '高', '！', '？', '还有', '李小冉', '的', '发型', '，', '想', '逼死', '强迫症', '，', '白', '瞎', '了', '李小冉', '的', '颜值', '。']",35.75
164,"['现在', '国内', '观众', '对', '电视剧', '的', '容忍度', '这么', '低', '？']",0
165,"['男版', '玛丽', '苏', '，', '剧情', '台词', '也', '太', '尴尬', '装逼', '了', '，', '猫腻', '的', '书要', '改编', '的话', '真', '要', '改改', '这种', '酸不拉几', '的', '臭', '毛病', '，', '先', '好好', '讲', '讲话', '吧', '，', '主角', '一', '开口', '，', '真的', '满', '屏幕', '尴尬', '，', '多一星', '给', '陈道明']",-5
166,"['第一集', '设定', '就', '没有', '看', '下去', '的', '欲望', '，', '以', '虚构', '故事', '来', '论证', '史观', '？', '太', '荒唐']",-23
167,"['垃圾', '…', '…', '这', '就是', '阅文', '的', '大作', '吗']",-7
168,"['越', '看', '越', '无语', '…', '…', '…', '什么', '无脑', '爽文', '。', '。', '。']",-5
169,"['点映', '看', '完', '意犹未尽', '，', '独特', '的', '倦式', '幽默', '，', '电影', '镜头感', '、', '刺激', '的', '武打', '场面', '、', '紧凑', '的', '剧情', '，', '真的', '是', '一部', '不可多得', '的', '好', '作品', '。', '老戏骨', '和', '年轻', '演员', '磨合', '得', '很', '不错', '。', '剧本', '是', '一部', '戏', '的', '灵魂', '，', '有', '王倦', '在', '，', '肯定', '不会', '失望', '的', '。', '前面', '几集', '郭', '麒麟', '太逗', '了', '，', '小男主', '真的', '超级', '棒', '，', '之前', '演', '倚天', '屠龙记', '的', '小无忌', '就', '演得', '非常', '好', '。', '范闲', '长大', '的', '那个', '镜头', '让', '我', '惆怅', '了', '好', '一会儿', '。']",24
170,"['男主丑', '绝人', '寰', '，', '剧情', '无厘头', '无', '逻辑', '，', '全是', '工具', '人', '纸片', '人', '，', '背景', '阴暗', '诡异', '，', '白', '瞎', '了', '几个', '老', '演员', '，', '为了', '恰饭', '连', '这种', '有辱斯文', '晚节不保', '的', '烂', '戏', '也', '拍', '。', '这', '都', '能', '周播', '第一', '，', '国内', '电视剧', '江河日下', '可见一斑', '。']",7.5
171,"['这个', '剧', '的', '看点', '是', '什么', '？', '剧情', '也', '觉得', '没有', '什么', '看点', '，', '然后', '感觉', '剧情', '怪怪的', '，', '看', '了', '六集', '都', '没有', '让', '我', '想要', '追下去', '的', '冲动', '，', '整个', '制作', '时不时', '感觉', '透露', '着', '廉价', '感', '。']",0
172,"['全员', '面部', '细纹', '卡粉', '，', '视听', '思维', '堪比', '婚庆', '，', '难得', '的', '是', '骨子里', '的', '一点', '小', '不正经', '。']",0
173,"['肌无力', '、', '盲人', '、', '坐轮椅', '的', '。', '挺', '关怀', '残障', '人士', '的', '一部', '剧', '。']",0
174,"['盗梦', '观影', '10.26', ' ', '王倦', '牛', '逼', '！', '！', '！', '！']",0
175,"['也', '不', '知道', '是', '原作者', '自恋', '还是', '导演', '自恋', '还是', '这', '演员', '演', '的', '自恋', '，', '反正', '这部', '剧', '浑身上下', '就', '透露', '着', '自恋', '，', '自作聪明', '和', '卖弄', '。', '肖战', '支撑', '我', '看', '下去', '。']",-14
176,"['剧情', '镜头', '都', '无比', '散乱', '，', '人物', '表演', '尴尬', '，', '场景', '处理', '粗糙', '，', '吐槽', '点太多', '，', '就', '第一集', '，', '无端', '拉着', '小女孩', '跑', '了', '一段', '就', '各种', '地位', '差', '摆出来', '？', '一巴掌', '打', '的', '管家', '飞', '那么', '远', '，', '然后', '一个', '几秒', '镜头', '算是', '解释', '练', '了', '个', '什么', '霸气', '真', '气', '？', '老师', '故弄玄虚', '的', '半夜', '近', '也', '没见', '有', '什么', '特殊', '的', '，', '整个', '剧', '就', '像', '拿', '着', '一堆', '零散', '的', '积木', '胡乱', '拼凑', '一番', '。', '。', '。']",-13
177,"['不是', '我', '的', '菜', '，', '进展', '缓慢', '，', '不知所云', '。']",-8
178,"['我', '想', '说', '这', '剧值', '8', '分', '？', '？', '？', '你', '要', '写', '权谋', '就', '老老实实', '写', '权谋', '，', '安排', '个', '穿越', '男主', '搞', '什么', '？', '关键', '是', '这', '男主', '还', '特', '么', '外挂', '一身', '的', '龙傲', '天呀', '，', '还', '能', '默写', '红楼', '当', '个', '文抄公', '也', '是', '666', '。', '一来', '就', '成', '了', '京都', '的', '琅', '琊', '才子', '了', '，', '这种', 'yy', '穿越', '和', '霸道', '总裁', '有', '啥', '区别', '？', '追着', '老戏骨', '来', '的', '，', '然后', '被', '这', '剧情', '劝退', '。', '\n', '去', '看', '了', '下', '原著', '的', '评论', '，', '才', '发现', '原著', '也', '就', '这种', 'yy', '水平', '的', '书', '，', '排名', '靠', '前', '的', '都', '给', '原著', '低分', '，', '怎么', '电视剧', '这里', '排名', '靠', '前', '的', '都', '是', '吹捧', '？']",-0.5
179,"['好', '演员', '，', '烂', '故事', '。']",0
180,"['第一集', '真的', '尴尬', '溢出', '屏幕', '了', '，', '难道', '又', '是', '一部', '需要', '撑过', '前', '三集', '的', '剧', '吗', '？']",0
181,"['剧情', '有些', '雷人', '，', '服化', '不', '太', '喜欢', '，', '而且', '没有', '感觉', '到', '演员', '的', '演技', '有', '多', '好']",0
182,"['这能', '8.0', '？', '我', '感觉', '也', '就', '三星']",0
183,"['这么', '起点', '中文网', '的', '路数', '，', '这么', '直男癌', '，', '这么', '自恋', '，', '这么', '过时', '，', '分数', '还', '这么', '高', '？', '总之', '感觉', '是', '一部', '很差', '的', '小说', '，', '何必', '废', '这么', '多', '人力物力', '好', '演员', '拍', '出来', '。']",-4
184,"['奇怪', '的', '设定', '，', '莫名', '的', '光环']",0
185,"['大张旗鼓', '的', '诗会本', '以为', '会', '有', '什么', '优秀', '的', '原创', '佳作', '…', '…', '丢人现眼', '的', '装', '逼', '杰克', '苏', '套路', '模版']",7
186,"['豆瓣', '分', '8.0', '了', '，', '必须', '要', '看看', '啊', '，', '结果', '―', '―', '什么', '玩意', '？', '浪费时间', '！', '！', '！']",7
187,"['不要', '尬', '吹', '1', '.', ' ', '表演', '痕迹', '太重', '，', '与', '知否', '一样', '，', '担心', '观众', '看不懂', '，', '各种', '提示', '。', '2', '.', '张若昀', '也', '就', '本色', '出演', '富家', '公子哥', '还', '行', '。']",5
188,"['嗯', '…', '说不出', '的', '感觉', '…']",0
189,"['实在', '看不下去', '了', '。']",0
190,"['现代人', '自以为是', '的', '意淫', '，', '自以为是', '的', '开挂', '。', '2', '星给', '道', '明叔', '。']",-14
191,"['完全', '没有', '看', '下去', '的', '欲望']",0
192,"['看', '了', '几集', '。', '实在', '看不下去', '了', '。', '这', '里面', '逻辑', '都', '不是', '有', 'bug', '了', '。', '是', '基本', '都', '没有', '逻辑', '。', '男主', '真的', '只能', '演', '城市', '小资', '男', '。', '再大', '一点', '人物', '，', '什么', '都', '撑', '不', '起来', '。', '本来', '想', '仔细', '写', '一下', '，', '和', '大家', '广泛', '的', '骂', '一场', '。', '后来', '发现', '喜欢', '这片', '的', '人', '能', '有', '啥', '逻辑', '，', '算了', '。', '大家', '喜欢', '就', '好', '。', '我', '不', '也', '是', '拼死', '看', '完', '了', '灵剑山', '么', '。', '一星', '给', '原作者', '吧', '，', '另外', '一星', '送给', '。', '。', '。', '随便', '吧', '。', '反正', '打一星', '太', '极端', '了', '。', '。', '。', '。', '两星', '还是', '可以', '的', '。', '。', '。', '。', '另外', '翻', '了', '下', '。', '。', '短评', '往后', '看', '基本', '全是', '差评', '了', '。', '三星', '都', '很少', '了', '。', '群众', '的', '眼睛', '毕竟', '还是', '雪亮', '的', '呀', '。', '。', '。', '这么', '评', '。', '。', '为啥', '还', '能', '八分', '豆瓣', '？']",40.75
193,"['就', '这', '还', '良心', '剧', '？', '越', '拍', '越', '回去', '了']",0
194,"['昨天', '看', '了', '几集', '好奇', '男主', '和', '林婉儿', '的', '爱情', '线', '赶紧', '去', '百度', '了', '原著', '结局', '，', '哦', '豁', '，', '原来', '男主', '纳妾', '了', '但婉儿', '还是', '一生', '挚爱', '，', '虽然', '婉儿', '是', '一生', '挚爱', '还是', '纳妾', '了', '，', '最妙', '的', '是', '什么', '呢', '？', '一生', '挚爱', '给', '他生', '了', '一个', '儿子', '，', '两个', '非', '一生', '挚爱', '分别', '生', '一个', '女儿', '，', '中国', '男人', '妙不可言', '！']",-2
195,"['权谋', '不像', '权谋', '，', '喜剧', '不像', '喜剧', '，', '主角', '选角', '和', '海棠', '选角', '相比', '原著', '差太多', '。', '台词', '也', '听', '着', '别扭', '。', '为了', '缩短', '小说', '篇幅', '改', '的', '让', '人', '难受', '。', '两星', '给', '若', '若', '范思辙', '林婉儿']",0
196,"['我恐', '?', '粉']",0
197,"['略略', '有点', '尴尬', '，', '期望', '越大', '失望', '越大', '的', '感觉', '吧', '，', '男主', '貌似', '不太', '适合', '古装', '，', '本来', '对', '女主', '很', '有', '好感', '，', '但是', '打光', '化妆', '让', '李沁', '老', '了', '很多', '，', '本身', '的', '气质', '跟', '林婉儿', '也', '不', '贴合', '，', '后期', '看看', '有没有', '好转', '再', '改']",35
198,"['一集', '弃']",0
199,"['正剧', '配置', '网剧', '质感', '，', '一本正经', '地', '胡说八道', '，', '定位', '是', '杰克', '苏爽剧', '，', '但', '男主不苏', '剧情', '也', '不爽', '，', '三集', '弃']",-7
200,"['...', '从', '女主', '拿', '着', '鸡腿', '出来', '不想', '看']",0
201,"['扯淡', '呢', '简直', '，', '现在', '真是', '什么', '都', '能', '拍成', '电视剧', '了', '。', '。', '网络', '爽文', '，', '穿越', '?', '小孩子', '身体', '，', '成年人', '的', '思想', '，', '扯', '毛呢']",-3
202,"['看', '了', '七集', '的', '《', '庆', '余年', '》', '，', '真心', '觉得', '无聊', '，', '装腔作势', '。', '豆瓣', '八分', '真心', '不', '理解', '。', ' ', ' ', '拍', '这种', '片有', '什么', '意义', '啊', '。', '陈道明', '的', '演技', '也', 'get', '不到', '。', '那个', '长', '公主', '的', '造型', '简直', '就是', '“', '见鬼', '了', '”', '。', '好好', '一个', '宋轶', '拍', '得', '那么', '傻', '，', '《', '伪装者', '》', '累积', '的', '好感', '都', '败光', '了', '。', '肖战', '第几', '集才', '有', '啊', '，', '再', '不', '出来', '我弃剧', '了', '。']",1
203,"['看', '这种', '剧', '，', '是', '多', '无聊', '才', '会', '把', '时间', '浪费', '在', '意淫', '这种', '事情', '上', '？']",-7
204,"['什么', '破', '玩意', '，', '这么', '雷']",0
205,"['如果', '纯粹', '按照', '有趣', '来', '定论', '或者', '一直', '走', '搞笑', '路线', '其实', '哪怕', '剧情', '不正经', '我', '也', '觉得', '还好', '。', '\n', '但是', '演着', '演着', '非要', '往', '正戏', '上', '凑', '，', '男主', '一边', '享受', '着', '莫名', '的', '贵族', '光环', '，', '做事', '毫无', '脑子', '，', '种种', '出格', '言行', '，', '换', '别人', '死', '了', '无数次', '了', '。', '\n', '滕', '的', '死', '毫无', '铺垫', '，', '突然', '就', '酱油', '；', '朋友', '死', '了', '，', '但是', '关键人物', '会', '引发', '战乱', '，', '当街', '直接', '刺杀', '，', '谁', '给', '你', '的', '胆子', '；', '前面', '一直', '在', '玩闹', '，', '现在', '倒', '想起', '你', '妈', '的', '众生', '平等', '理论', '咯', '，', '那', '你', '可', '有', '为', '战乱', '牺牲', '的', '人民', '想过', '分毫', '。', '\n', '如果', '《', '琅', '琊', '榜', '》', '是', '全员', '智商', '在线', '的', '博弈', '与', '智斗', '，', '这个', '剧', '就是', '搞笑', '搞', '了', '一半', '突然', '想', '正经', '就', '直接', '开莽', '，', '莽', '太子', '莽', '刺客', '莽', '皇帝', '的', '杰克', '苏爽文', '剧情', '。', '\n', '两星', '给', '陈道明', '老师', '，', '智商', '在线', '还要', '给', '傻子', '做', '陪衬', '。']",-21
206,"['不', '懂', '这种', '权谋', '剧', '怎么', '这么', '好', '吹', '口碑', '，', '现代感', '古代', '感', '异常', '维和', '，', '看不下去']",0
207,"['什么', '垃圾', '剧', '哦', '，', '男主', '自带', '龙傲', '天', '，', '其他人', '都', '撒币', '。', '然后', '情节', '设置', '和', '台词', '也', '极其', '智障', '。', '皇帝', '旁边', '的', '侍卫', '前', '一秒', '乱猜', '皇帝', '想法', '，', '下', '一秒', '说', '不敢', '瞎猜', '。', '诸如此类', '矛盾', '比比皆是', '，', '白话文', '台词', '还', '句句', '语病', '，', '一集', '都', '看不下去', '。']",-8.5
208,"['豪华', '阵容', '的', '演员', '团队', '加一星', '，', '摄影', '美术', '加两星', '，', '剧作', '对白', '太', '拖沓', '没', '逻辑', '了', '减半', '星', '，', '全', '（', '沁', '姐姐', '开', '眼角', '开得', '真', '难看', '…', '…', '）', '电视剧', '全程无', '脑铺', '音乐', '真', '难受', '，', '减半', '星', '…', '…', '成人', '不宜', '，', '适合', '14', '岁', '以下', '观看', '。']",7
209,"['刚刚', '看', '完小', '范大人', '夜宴', '醉酒', '诗', '百篇', '，', '看', '的', '激动不已', '，', '2019', '年', '最', '爱', '的', '剧', '！', '感谢', '编剧', '保留', '了', '书粉', '爱', '的', '段落', '！', '张若昀', '的', '范闲', '也', '很', '范闲', '！', '期待', '后面', '的', '精彩', '…', '…']",23
210,"['你', '改', '我', '个', '喘喘', '，', '滕子京', '死', '了', '没什么', '，', '什么', '时候', '一处', '主办', '比', '提司', '大', '了', '？', '监察院', '出了名', '护短', '体现', '在', '哪里', '？', '范闲', '居然', '被', '演成', '个', '歇斯底里', '的', '不', '给', '糖', '吃', '就', '撒泼打滚', '的', '人', '？', '？', '改', '的', '是', '个', '什么', '鬼', '？']",-9
211,"['借用', '别人', '说', '的', ':', '一流', '配角', '，', '二流', '主演', '，', '三流', '剧本', '，', '末流', '制作', '，', '是', '《', '庆', '余年', '》', '的', '真实', '水准', '。', ' ', '因为', '有', '陈道明', '才', '看', '的', '，', '以为', '是', '牛', '逼', '高质量', '剧', ' ', '，', '看', '了', '十五级', '了', ' ', '剧情', '垃圾', ' ', '男女', '主无', 'cp', '感', ' ', '服化', '道', '不忍', '直视', ' ', '。', '真的', '三流', '古装剧', ' ', '。', '。']",-5
212,"['已经', '弃剧', ' ', '主角', '光环', '太', '大', '顶不住']",0
213,"['我', '看', '之前', '就', '担心', '会', '像', '两部', '九州', '一样', '除了', '画面', '以外', '一无是处', '...', '再', '强大', '的', '卡死', '也', '抵不过', '剧情', '的', '垃圾', '...', '我', '以前', '多', '期待', '牧云记', '和', '缥缈', '录', ' ', '这次', '就', '多', '担心', '庆', '余年', '...', '\n', '但是', '王倦', '大大', '诚不欺', '我', '啊', '！', '！', '！', '《', '庆', '余年', '》', '确实', '不错', '～', '～', '台词', '风格', '和', '整个', '故事', '的', '展开', '节奏', '都', '特别', '舒服', '～', '\n', '顺便', '再', '真诚', '的', '卖', '一下', '王倦', '大大的', '另', '一部', '剧', '《', '大宋', '少年', '志', '》', '的', '安利', '～', '是', '王倦', '大大的', '原创', '剧本', ' ', '真的', '特别', '好看', '！', '！', '\n', '王倦', '大大', '是', '个', '极其', '会', '讲故事', '的', '人', '！', '！']",8
214,"['因为', '对', '历史', '比较', '感兴趣', '所以', '开始', '对', '这个', '庆', '余年', '这个', '打着', '正剧', '口号', '的', '电视剧', '比较', '期待', '（', '没有', '看过', '小说', '）', '，', '而且', '也', '有', '我', '喜欢', '的', '老戏骨', '陈道明', '吴刚', '。', '结果', '看', '了', '以后', '心中', '一万个', '草泥马', '奔腾', '而', '过', '?', '这', '什么', '鬼', '台词', '？', '可能', '是', '我', '没有', '看过', '小说', '所以', '接受', '不了', '吧']",12
215,"['原著', '的确', '更', '吸引', '编剧', '读', '下去', '，', '所以', '跟', '《', '诛仙', '》', '系列', '明显', '感觉', '到', '编剧', '只', '看过', '故事', '大纲', '比', '，', '这个', '剧', '的', '编剧', '完整', '阅读', '过', '小说', '。', '配乐', '活泼', '俏皮', '，', '除了', '强硬', '穿越', '的', '台词', '轻微', '尴尬', '，', '最', '应该', '尴尬', '的', '感情', '戏', '反而', '入戏', '，', '故意', '模糊', '了', '陈萍萍', '的', '太监', '身份', '、', '太子', '跟长', '公主', '的', '暧昧关系', '，', '整体观', '影', '感受', '极好', '，', '很', '期待', '第二季', '拍大', '东山', '之役', '。', '玩弄', '人心', '的', '阴谋', '阳谋', '都', '不', '狗血', '，', '架空', '的', '设定', '能', '摆脱', '历史背景', '，', '服装道具', '能', '有', '更', '自由', '的', '发挥', '空间', '，', '特别', '喜欢', '庆帝', '的', '闺房', '。', '以后', '还是', '少看', '国产', '剧', '，', '太长', '了', '，', '还是', '精短', '美剧', '更', '适合', '休闲', '，', '追', '这个', '太累', '。', '王启年', '真是太', '可爱', '了', '。']",32
216,"['夜宴', '背诗', '那里', '真的', '惊艳', '到', '我', '了', '，', '看', '完', '意犹未尽', '，', '去', '找', '小说', '章节', '，', '结果', '发现', '编剧', '真的', '很棒', '，', '小说', '里', '思想', '没', '这么', '大', '，', '范闲', '直接', '说', '是', '自己', '的', '了', '。', ' ', '他', '把', '整个', '境界', '都', '升华', '了', '，', '背', '的', '不', '只是', '诗', '，', '还是', '仙境', '，', '是', '回不去', '的', '家国', '，', '是', '不', '忘怀', '的', '文化', '传承', '。', ' ', '所以', '我', '在', '看', '的', '时候', '，', '让', '我', '高兴', '激动', '的', '，', '不是', '打脸', '，', '不是', '套路', '，', '而是', '一种', '自豪感', '，', '一种', '庆幸', '，', '自豪', '我', '璀璨', '文明', '，', '而', '我', '何其', '之幸', '！', ' ', '那种', '感觉', '真的', '特别', '感染', '人', '！']",6
217,"['最强', '穿越', '剧', '没有', '异议', '了', '！', '太', '好看', '了', '，', '谁', '说', '穿越', '只能', '带', '去', '一些', '尴尬', '的', '科技', '耍酷', '。', '这部', '剧', '真正', '意义', '的', '展现', '了', '穿越', '的', '核心', '！', '不仅', '融合', '了', '现代', '和', '古代', '，', '很', '重要', '的', '，', '带去', '了', '现代', '的', '对', '人', '和', '社会', '的', '思考', '！', '人人平等', '自由', '无论', '在', '每个', '时代', '都', '有', '意义', '，', '却', '都', '有些', '不同', '的', '意义', '，', '对于', '芸芸众生', '。', '郭', '麒麟', '点亮', '整部', '剧', '哈哈哈', '！']",24
218,"['有幸', '参与', '了', '提前', '观剧', '活动', '，', '看', '了', '前', '三集', '，', '节奏', '很快', '，', '非常', '喜欢', '这种', '类型', '的', '剧', '，', '一', '开始', '就', '非常', '的', '紧张', '刺激', '，', '摆', '出', '很多', '悬念', '，', '之后', '一步步', '揭开', '。', '剧情', '很', '丰富', '，', '演员阵容', '上大', '咖', '云集', '，', '演技', '自不必说', '，', '看', '陈道明', '出现', '的', '时候', '太', '激动', '了', '我', '，', '还有', '演过', '知否', '老太太', '的', '演员', '戏', '真的', '太好了', '，', '袁泉', '一', '开始', '的', '客串', '真是', '赏心悦目', '了', '。', 'awsl', '，', '这剧', '墙裂', '推荐', '！', '快', '去', '看', '，', '我要', '去', '看', '第', '4', '集', '了', '哈哈哈', '哈哈', '。']",37
219,"['给', '林宛儿', '看病', '哪里', '要', '笑', '死', '我', '了', '哈哈哈', '?', '?', '好久没', '追过', '剧', '了']",0
220,"['郭', '麒麟', '真的', '好', '可爱', '！', '！', '！', '！']",10
